name,colour,fuel,Has_Waranty,is_private_use,is_commercial_use,brand,price_npr,transmission_type,drivetrain,make_year,mileage_kmpl,engine_cc,kilometer_run
Hyundai | i20 Active S | TDi | 2015 | Hatchback,brown,Petrol,0,1,0,Hyundai,2475000,Manual,2WD,2015,14.0,1400.0,42000
Excellent car on sale,blue,Petrol,0,0,0,Hyundai,750000,Automatic,2WD,2005,11.0,1399.0,87412
TATA 407 Container,white,Diesel,0,0,0,Tata,700000,Manual,2WD,2013,15.0,2956.0,60000
4x4 swaraj Mazda,Unknown,Diesel,0,0,0,Mahindra,600000,Manual,4WD,2017,15.0,1200.0,50000
i20 Active good for used few time,white,Petrol,0,0,0,Hyundai,375,Automatic,2WD,2019,17.0,1200.0,2400
Tata Sumo Gold 2014 GX,silver,Diesel,0,0,0,Tata,1400000,Manual,2WD,2014,12.0,2956.0,50000
Mega XL hatti gadi,brown,Petrol,0,0,0,Tata,700000,Automatic,2WD,2019,15.0,889.0,80000
Maruti Suzuki Alto 2004 On Sale,black,Petrol,0,0,0,Maruti Suzuki,580000,Manual,2WD,2004,15.0,800.0,75000
Grand i10 magna 2014,silver,Petrol,0,0,0,Hyundai,1845000,Manual,2WD,2014,15.0,1200.0,31000
Blue colour 2016 model Baleno,blue,Petrol,0,1,0,Maruti Suzuki,2050000,Automatic,4WD,2016,17.0,1200.0,41000
WagonR Sell or Rent,Unknown,Petrol,0,0,0,Maruti Suzuki,1025000,Manual,2WD,2008,20.0,1200.0,43000
2010 model red color santro zinc for sale,red,Petrol,0,1,0,Hyundai,1350000,Manual,4WD,2010,15.0,1100.0,4200
Mahindra cabking,Unknown,Diesel,0,0,0,Mahindra,1250000,Manual,2WD,2018,15.0,1200.0,50000
2011 model ko kia sportage sales & exchange offer,Unknown,Diesel,0,0,0,Kia,3250000,Manual,4WD,2011,15.0,1200.0,50000
"2015 model bolero 7 seater 4wd,powerstering sale",silver,Diesel,0,0,0,Mahindra,1950000,Manual,4WD,2015,15.0,2500.0,65000
à¤¬à¥ˆà¤‚à¤• à¤¸à¥à¤¬à¤¿à¤§à¤¾ à¤­à¤à¤•à¥‹ à¤¸à¤¸à¥à¤¤à¥‹ à¤•à¤¾à¤° à¤¸à¤™à¥à¤— à¤ªà¤¨à¤¿ à¤¸à¤Ÿà¥à¤Ÿà¤¾ à¤ªà¤Ÿà¥à¤Ÿà¤¾,silver,Electric,0,0,0,Mahindra,3200000,Manual,2WD,2019,15.0,2100.0,61000
Hyundai I20 Active Diesel 2015,brown,Diesel,0,0,0,Hyundai,2500000,Manual,2WD,2015,14.0,1400.0,42000
Isuzu Vcross 2019,white,Diesel,0,0,0,Other Brands,5100000,Manual,4WD,2019,15.0,2499.0,51000
Mg Zs Ev 2021 On Sale,red,Electric,0,0,0,Other Chinese Brands,5300000,Automatic,2WD,2021,300.0,105.0,12200
Niro,white,Electric,0,0,0,Kia,5800000,Automatic,2WD,2019,15.0,1200.0,9000
Hyundai i10 Magna 1.2 2010 model,Other,Petrol,0,0,0,Hyundai,1350000,Manual,2WD,2010,15.0,1200.0,50000
Like a Brand New Grand i10 sports 0 Push Bottom,red,Petrol,0,0,0,Hyundai,2350000,Manual,2WD,2017,14.0,1197.0,7000
Fore Sale Grand I10 Magna,silver,Petrol,0,0,0,Hyundai,1850000,Manual,2WD,2014,14.0,1200.0,45000
Kia Rio 2011 Model Best Condition,Other,Petrol,0,0,0,Kia,1430000,Manual,2WD,2011,18.0,1399.0,59000
Hundai Grend I 10 2019 model Sportz,grey,Petrol,0,0,1,Hyundai,2600000,Manual,2WD,2019,13.0,1200.0,18300
Hyundai Creta | Model - 2017 | Diesel,white,Diesel,0,0,0,Hyundai,3750000,Manual,2WD,2017,21.4,1582.0,42000
TATA BOLT RT XM,white,Petrol,0,0,0,Tata,1780000,Manual,2WD,2017,15.0,1193.0,50000
Santro 2010,silver,Petrol,0,0,0,Hyundai,1360000,Manual,2WD,2010,15.0,1100.0,53000
urgent sell,silver,Petrol,0,0,0,Tata,950000,Automatic,2WD,2013,10.0,1400.0,50000
Car on sale,grey,Petrol,0,1,0,Maruti Suzuki,2650000,Manual,2WD,2017,18.0,1200.0,29000
Toyota hilux revo 2018 sell or exchange,silver,Diesel,0,1,0,Toyota,7850000,Manual,4WD,2018,12.0,1200.0,42000
Datsun Go on sale,blue,Petrol,0,0,1,Datsun,1275000,Manual,2WD,2016,16.0,1200.0,48000
Nissan navara le,red,Diesel,0,1,0,Nissan,2400000,Manual,4WD,2010,10.0,2500.0,75000
Sentro fresh condition,blue,Petrol,0,1,0,Hyundai,1300000,Automatic,2WD,2009,18.0,1086.0,80000
Ford Ecosport for sale,grey,Petrol,0,0,1,Ford,2950000,Manual,2WD,2017,17.0,1500.0,26000
One Week Offer Price Fiat Avventura Dynamic 2016..,red,Petrol,0,0,0,Fiat,1550077,Manual,2WD,2016,15.0,1368.0,57000
Hyundai Venue 2021 like Brand new on Sale,white,Petrol,0,0,0,Hyundai,3525000,Manual,2WD,2021,18.0,1200.0,13750
Scorpio S4+,silver,Diesel,0,1,0,Mahindra,3450000,Automatic,4WD,2016,15.0,1200.0,50000
FORD IKON FULL OPTION FRESH N SMOOTH,grey,Petrol,0,0,0,Ford,550000,Manual,2WD,2003,15.0,1299.0,52000
Ford Figo,white,Petrol,0,0,1,Trend,1500000,Manual,2WD,2016,14.0,1200.0,70000
"Fully fresh, excellent condition, tax cleared",Unknown,Petrol,0,0,0,Hyundai,640000,Manual,2WD,2002,15.0,1086.0,50000
Kia sportage AWD 8air bag fully looded for sale,brown,Diesel,0,0,1,Kia,3250000,Manual,4WD,2011,13.0,2000.0,67000
car sell,Unknown,Diesel,0,0,0,Nissan,550000,Automatic,2WD,1997,15.0,1200.0,50000
2023 Nissan Magnite XE,brown,Petrol,0,0,0,Nissan,3399000,Manual,2WD,2023,15.0,999.0,50000
Spark,golden,Petrol,0,1,0,Chevrolet,575000,Manual,2WD,2007,12.0,1200.0,50000
i20 activeS2016 just like brand new exchange offer,Unknown,Petrol,0,0,0,Hyundai,2850000,Manual,2WD,2017,15.0,1200.0,38000
wagonar bikrima,red,Petrol,0,0,0,Maruti Suzuki,1050000,Manual,2WD,2010,15.0,1086.0,75000
santro bikrima,white,Petrol,0,0,0,Hyundai,1050000,Manual,2WD,2007,14.0,1086.0,71000
ZEN 2006,Other,Petrol,0,0,0,Maruti Suzuki,749000,Manual,4WD,2006,16.0,1000.0,74000
Creta SX 2019 Like new,white,Petrol,0,0,0,Hyundai,4300000,Manual,2WD,2019,14.0,1600.0,24000
Wagon R 2009,Unknown,Petrol,0,0,0,Maruti Suzuki,895000,Manual,2WD,2009,15.0,1200.0,50000
2010 i 10 MAGNA,blue,Petrol,0,0,0,Hyundai,1400000,Manual,2WD,2010,15.0,1200.0,39888
Hyundai Accent 2006 Narayani Number,Unknown,Petrol,0,0,0,Hyundai,550000,Manual,2WD,2006,17.0,1400.0,50000
Honda Jazz 2016 model,white,Petrol,0,0,1,Honda,2350000,Manual,2WD,2016,15.0,1200.0,34200
maruti suzuki ZEN LX,silver,Petrol,0,0,0,Maruti Suzuki,475000,Automatic,2WD,2002,18.0,1000.0,70000
Truck for sale,orange,Diesel,0,0,1,Tata,1825000,Unknown,Unknown,2017,15.0,1200.0,50000
School Bus On Sale,yellow,Diesel,0,0,1,Unknown,2100000,Manual,2WD,2016,10.0,3700.0,30000
Single hand Honda Jazz VMT Fully Loaded,Other,Petrol,0,0,1,Honda,2450000,Manual,2WD,2016,12.0,1200.0,30000
TATA 709 EX SCHOOL BUS,yellow,Diesel,0,0,1,Tata,700000,Automatic,2WD,2012,5.0,3783.0,60000
Nissan sunny 2014 full option sedan for sale,grey,Petrol,0,0,0,Nissan,1599999,Manual,2WD,2014,15.0,250.0,42500
Nissan kicks XV 2021,grey,Petrol,0,0,0,Nissan,4499999,Manual,4WD,2021,3800.0,1200.0,3700
Haval H6 AWD 2021 Top Version,Other,Petrol,0,0,0,Great Wall Motors,9700000,Automatic,4WD,2021,15.0,1200.0,16777
ford figo 2016,Unknown,Petrol,0,0,0,Ford,1550000,Manual,4WD,2016,15.0,1200.0,50000
Volkswagen Polo 1.6,grey,Petrol,0,0,0,Volkswagen,1650000,Manual,2WD,2011,12.0,1600.0,55708
kia pincato 2010 full option,grey,Petrol,0,1,0,Kia,9750000,Automatic,2WD,2010,18.0,1200.0,57000
ELECTRIC CAR FOR SALE! BRAND NEW E VERITO,grey,Electric,0,0,0,Mahindra,2050000,Automatic,2WD,2020,160.0,1200.0,6000
Hyundai Santro Fresh 2011,silver,Petrol,0,1,0,Hyundai,1400000,Manual,2WD,2011,14.0,1084.0,57560
golden chance 2015 model i20 active s car on sale,Unknown,Petrol,0,0,0,Hyundai,2299999,Manual,2WD,2015,15.0,1200.0,50000
2014 Honda City,red,Petrol,0,0,0,Honda,2099000,Manual,2WD,2014,15.0,1200.0,55000
2014 Honda City on Sale,red,Petrol,0,0,0,Honda,2099000,Manual,2WD,2014,16.0,1200.0,55000
Swift ZXI 2009 9823584566,grey,Petrol,0,0,1,Maruti Suzuki,1425000,Manual,2WD,2009,13.0,1300.0,70000
TATA INDIGO MANZA LX,white,Diesel,0,0,0,Tata,1400000,Manual,2WD,2014,18.0,1248.0,60000
Sonalika tractor,blue,Diesel,0,0,0,Other Brands,1250000,Manual,2WD,2020,15.0,1200.0,50000
Volkswagen Polo,white,Petrol,0,0,0,Volkswagen,1480000,Manual,2WD,2012,15.0,1200.0,50000
"Swift Vxi 2017 model, single hand",silver,Petrol,0,1,0,Maruti Suzuki,2000000,Automatic,2WD,2017,16.0,1200.0,35200
2022 Kia seltos HTK+ imt semi auto,white,Petrol,0,0,0,Kia,5200000,Manual,2WD,2022,15.0,1500.0,6700
5lakh cash ma ramro vhanda ramro gadi chahiyo?,Unknown,Petrol,0,0,0,Other Brands,500000,Unknown,Unknown,2005,15.0,1200.0,50000
"Tata Motors, Winger,2017, Yellow , 14 Seats",yellow,Diesel,0,0,1,Tata,2100000,Manual,2WD,2017,15.0,1948.0,93726
Maruti Suzuki swift,silver,Petrol,0,1,0,Maruti Suzuki,1950000,Automatic,2WD,2013,13.0,1200.0,47000
hurry hurry aayo compass limited jeep xito xito xi,cream,Diesel,0,1,0,Jeep,8000000,Manual,2WD,2021,17.0,1956.0,9500
Opel corsa 1.4,silver,Petrol,0,0,0,Other Brands,375000,Manual,2WD,2000,10.0,1400.0,71000
Maruti suzuki Astar,Unknown,Petrol,0,0,0,Maruti Suzuki,920000,Automatic,2WD,2009,15.0,1200.0,70000
"Nissan X-trail, 2010, beige colour, diseal",Other,Diesel,0,0,0,Nissan,3200000,Manual,4WD,2010,15.0,2000.0,70000
Skoda Khushaq,silver,Petrol,0,0,0,Skoda,5500000,Manual,2WD,2021,15.0,1000.0,24800
Kia Seltos auto 2021,white,Petrol,0,0,0,Kia,5750000,Automatic,2WD,2021,10.0,1500.0,14500
hyundai eon era +,blue,Petrol,0,0,0,Hyundai,1175000,Manual,2WD,2013,15.0,800.0,32000
Brezza Zxi+ Petrol 2021 Model,silver,Petrol,0,0,0,full Options,4125000,Manual,2WD,2021,16.0,1500.0,12000
Nexon Ex. 2022 LUX 12000km only,blue,Electric,0,0,0,Tata,3700000,Automatic,2WD,2022,270.0,1200.0,12000
Land cruiser Prado tx,white,Diesel,0,0,0,Toyota,16700000,Automatic,4WD,2016,15.0,2882.0,46543
Mistubishi ls200,blue,Diesel,0,0,0,Mitsubishi,7650000,Manual,4WD,2020,12.0,2400.0,32000
Hyundai Create 2017 Model White Color,white,Petrol,0,0,0,Hyundai,3300000,Manual,2WD,2017,15.0,1599.0,70000
terious 2008 model is for sale,white,Petrol,0,0,0,Daihatsu,2775000,Manual,4WD,2008,15.0,1500.0,71000
eeco van,silver,Petrol,0,0,0,Maruti Suzuki,1400000,Unknown,Unknown,2015,12.0,1200.0,50000
Vitara Brezza 2020 Zxi+,red,Petrol,0,0,1,Maruti Suzuki,4000000,Manual,2WD,2020,15.0,1500.0,34000
Baleno Zeta 2020,blue,Petrol,0,0,0,Maruti Suzuki,3000000,Manual,2WD,2020,18.0,1200.0,11000
Fresh Mini Jeep On Sell,silver,Petrol,0,0,0,Other Chinese Brands,1005000,Manual,2WD,2009,12.0,1300.0,50000
Tata Yodha 2021 Model,white,Diesel,0,0,0,Tata,1500000,Manual,2WD,2021,15.0,2900.0,45000
maruti suzuki ritz,grey,Petrol,0,0,0,Maruti Suzuki,1225000,Automatic,2WD,2010,15.0,1200.0,62000
Toyota Fortuner 2010,golden,Diesel,0,0,0,Toyota,7000000,Manual,4WD,2010,10.0,2800.0,52000
"Maruti Suzuki Alto 800 Lxi,",red,Petrol,0,0,0,Maruti Suzuki,1325000,Manual,2WD,2016,18.0,800.0,42500
car swift ZXI,grey,Petrol,0,1,0,Maruti Suzuki,2300000,Automatic,2WD,2016,15.0,1200.0,25000
Single Handed Bolero D/c 4wd P/s 2018 For Sell,white,Diesel,0,0,0,Mahindra,2100000,Manual,4WD,2018,15.0,2523.0,59000
I 20Asta Elite,grey,Petrol,0,0,1,Hyundai,2750000,Manual,2WD,2016,15.0,1200.0,23000
"Grand i10 magna 1.2,",silver,Petrol,0,0,0,Hyundai,2525000,Manual,2WD,2019,15.0,1200.0,17000
Skoda yeti in excellent condition,black,Petrol,0,0,0,Skoda,2325000,Manual,4WD,2010,12.0,1200.0,72000
Bolero Double cab for sale,white,Diesel,0,0,0,Mahindra,2350000,Unknown,Unknown,2021,15.0,2500.0,50000
i20 Sportz 2010 for sale,grey,Petrol,0,0,1,Hyundai,1599000,Manual,2WD,2010,14.0,1197.0,60500
Suzuki Omni Cargo Van 2012 Contact no. 9813293195,white,Petrol,0,0,0,Maruti Suzuki,420000,Automatic,2WD,2012,18.0,800.0,50000
"Hyundai i10 2011 model, Good condition",blue,Petrol,0,0,0,Hyundai,1500000,Manual,2WD,2011,15.0,1200.0,45400
Kia seltos HTX IVT Automatic transmission,white,Petrol,0,0,1,Kia,5800000,Automatic,2WD,2021,14.0,1600.0,8000
Fresh eco van ungent sale,silver,Petrol,0,0,0,Maruti Suzuki,2075000,Manual,2WD,2021,15.0,1200.0,31000
car on sale,silver,Diesel,0,0,1,Mahindra,2975000,Manual,2WD,2016,16.0,2179.0,62370
Ssangyong TIVOLI 2019,red,Petrol,0,0,0,1600 CC,3990000,Automatic,2WD,2019,15.0,1600.0,38000
Bus on sale tata 2010 kritipur to ratnapark root,Unknown,Diesel,0,0,0,Tata,700000,Manual,4WD,2010,15.0,3500.0,50000
Suzuki Swift Zxi 2014,white,Petrol,0,0,0,Maruti Suzuki,2100000,Manual,2WD,2014,18.0,1200.0,58000
tata mobil gadi on sell,blue,Diesel,0,0,0,Tata,350000,Automatic,2WD,2007,7.0,1948.0,35000
Van,white,Petrol,0,0,0,Maruti Suzuki,400000,Automatic,2WD,2014,14.0,800.0,5500
fresh gadi kehi problem xaina 2010 model 950000,Unknown,Diesel,0,0,0,Mahindra,950000,Manual,2WD,2010,15.0,2500.0,50000
Fully Loaded Full Option Branded Car Opel Corsa,silver,Petrol,0,0,1,Other Brands,395900,Manual,2WD,2000,15.0,1600.0,50000
Scorpio lx,Other,Diesel,0,0,0,Mahindra,2350000,Manual,2WD,2014,15.0,2200.0,97500
Super Fresh High Copy Of Terios 2011 Zotye 1.6 ABS,blue,Petrol,0,0,1,Other Chinese Brands,1075900,Manual,2WD,2011,15.0,1600.0,40000
FIAT AVVENTURA 1.4 DYNAMIC ON SALE,silver,Petrol,0,1,0,Fiat,1600000,Manual,2WD,2015,12.0,1383.0,25125
Tata indica model 2007 500000 9860462630,black,Diesel,0,0,0,Tata,500000,Manual,2WD,2007,15.0,1500.0,71000
Chevrolet Spark on Sale,golden,Petrol,0,0,1,Chevrolet,900000,Manual,2WD,2012,18.0,995.0,30000
Well maintained Scorpio on sale,white,Diesel,0,0,0,Mahindra,1720000,Manual,2WD,2007,15.0,2400.0,100000
Hyundai i20 sportz 2010 urgent Sale,white,Petrol,0,0,0,Hyundai,1500000,Automatic,2WD,2010,15.0,1198.0,43000
Santro Xing Car for sale,blue,Petrol,0,0,0,Hyundai,1050000,Unknown,Unknown,2006,15.0,1086.0,50000
Toyota corolla /1975/,silver,Petrol,0,1,0,Toyota,1800000,Manual,2WD,1975,12.0,1200.0,95000
Suzuki Baleno Delta 2018 Model,Other,Petrol,0,0,0,Maruti Suzuki,2265000,Unknown,Unknown,2018,16.0,1200.0,43000
I20 actives 2016 model on sell or xchange,white,Petrol,0,0,0,Hyundai,2600000,Manual,2WD,2016,15.0,1200.0,34000
kia sportage 2.0 korean,red,Diesel,0,1,0,Kia,1450000,Manual,4WD,2005,11.0,2000.0,95000
ecosport on sell,Unknown,Petrol,0,0,0,Ford,1900000,Manual,2WD,2013,15.0,1000.0,50000
Toyota Corolla Lx 2009 Auto A/C 6 Airbag On Sale,white,Petrol,0,0,0,Toyota,2350000,Manual,2WD,2009,12.0,1600.0,55000
Skoda Rapid Model 2015 1600 Cc,silver,Petrol,0,0,0,Skoda,1600000,Manual,2WD,2015,12.0,1600.0,65000
Santo xing on sale full option 2003 model on sale,Unknown,Petrol,0,0,0,Hyundai,800000,Manual,2WD,2003,15.0,1086.0,90000
2002 model full option santro for sale,blue,Petrol,0,0,1,Hyundai,570000,Manual,2WD,2002,14.0,1086.0,50000
2001 model frees santro for sale,white,Petrol,0,0,1,Hyundai,470000,Manual,2WD,2001,14.0,1000.0,50000
2021 model Sonet like new only 10000 KM run,grey,Petrol,0,0,0,Kia,3080000,Manual,2WD,2021,12.0,1200.0,10000
Tata nexon EV,Unknown,Electric,0,0,0,Tata,3850000,Automatic,2WD,2022,15.0,1200.0,50000
sale,grey,Petrol,0,0,0,Hyundai,1290000,Manual,2WD,2008,12.0,1200.0,67000
Suzuki AStar zxi,blue,Petrol,0,0,0,Maruti Suzuki,1125000,Automatic,2WD,2010,20.0,1000.0,72000
Hyundai Santro Xing Xo 2005,white,Petrol,0,0,0,Hyundai,950000,Manual,2WD,2005,15.0,1086.0,50000
Hyundai Santro Gls Plus 2013,grey,Petrol,0,0,0,Hyundai,1490000,Manual,2WD,2013,15.0,1086.0,40000
Maruti Suzuki Baleno Delta 2016,blue,Petrol,0,0,0,Maruti Suzuki,2075000,Manual,2WD,2016,15.0,1197.0,39000
Maruti Suzuki Zen Estilo Vxi 2010,silver,Petrol,0,0,0,Maruti Suzuki,1075000,Manual,2WD,2010,15.0,996.0,61477
2010 Maruti Suzuki,Unknown,Petrol,0,0,0,Maruti Suzuki,1300000,Manual,2WD,2010,15.0,1200.0,50000
Cargo maruti,white,Petrol,0,0,1,Maruti Suzuki,500000,Manual,4WD,2015,15.0,800.0,40000
"2015 model swift zxi singlehanded sale,exng bike",silver,Petrol,0,0,0,Maruti Suzuki,2250000,Manual,2WD,2015,15.0,1200.0,46000
FINANCE PANI Hatti Gadi Urgent Sell 9849193421,white,Diesel,0,0,0,Tata,1100000,Manual,4WD,2018,16.0,1405.0,95000
Nissan Magnite XV Dual,Unknown,Petrol,0,0,0,Nissan,4034000,Manual,2WD,2023,15.0,999.0,50000
"2016 Swift Dezire Vxi Sale, Exchange, Finance",brown,Petrol,0,1,0,Maruti Suzuki,2075000,Manual,2WD,2016,16.0,1200.0,47000
santro xing,silver,Petrol,0,0,0,Hyundai,650000,Unknown,Unknown,2001,15.0,1000.0,80000
GRAND I 10 Magna 1.2,silver,Petrol,0,0,0,Hyundai,2550000,Manual,4WD,2019,15.0,1196.0,17000
Puegot,blue,Petrol,0,0,0,Other Brands,500000,Manual,2WD,2001,15.0,2800.0,90000
Volswagen CrossPolo,black,Petrol,0,0,0,Volkswagen,2050000,Manual,2WD,2015,15.0,1600.0,35000
Fiat Aventura,white,Petrol,0,0,0,Fiat,1550000,Manual,2WD,2015,13.0,1400.0,35000
Hyundai Creta Sx top variant,white,Petrol,0,0,0,Hyundai,4575000,Manual,2WD,2019,15.0,1500.0,38000
Ecosport ford Ambient,orange,Petrol,0,0,0,Ford,2250000,Manual,2WD,2016,15.0,15000.0,50000
S Hyundai i20 Active,brown,Petrol,0,0,0,Hyundai,2865000,Manual,2WD,2017,15.0,1197.0,35000
Top variant Hyundai i 20 Active,white,Petrol,0,0,0,Hyundai,2900000,Manual,2WD,2017,15.0,1200.0,38000
Chevrolet Optra,golden,Petrol,0,0,0,Chevrolet,1250000,Manual,2WD,2012,15.0,1400.0,38000
Grand i10 Magna New shape,red,Petrol,0,0,0,Hyundai,2300000,Manual,2WD,2018,14.0,1200.0,27000
volswagen Tiguan,grey,Petrol,0,0,0,Volkswagen,3150000,Manual,2WD,2010,15.0,2000.0,75000
Suzuki Breeza zxi plus,red,Petrol,0,0,0,Maruti Suzuki,3975000,Manual,2WD,2021,15.0,1300.0,30000
Hyundai i10Magna,blue,Petrol,0,0,0,Hyundai,1265000,Manual,2WD,2009,15.0,1197.0,61000
Green Indica,green,Diesel,0,0,0,Tata,395000,Manual,2WD,2003,15.0,1400.0,75000
Tata Indica,black,Petrol,0,0,0,Tata,390000,Manual,2WD,2000,13.0,1400.0,90000
Bolero pickup Fully loaded,white,Diesel,0,0,0,Mahindra,1550000,Manual,4WD,2016,13.0,2523.0,45000
Ford Ecosport Titanium push bottom,orange,Petrol,0,0,0,Ford,2425000,Manual,2WD,2016,13.0,1500.0,38000
Hyundai I20 Elite Asta,silver,Petrol,0,0,0,Hyundai,2275000,Manual,2WD,2015,14.0,1200.0,40000
Nissan March,silver,Petrol,0,0,0,Nissan,1525000,Manual,2WD,2014,14.0,1197.0,38000
Suzuki Swift VXI 2009 for sale,grey,Petrol,0,0,1,Maruti Suzuki,1399000,Manual,2WD,2009,14.0,1300.0,52000
Diahatsu Sirion,silver,Petrol,0,0,0,Daihatsu,875000,Manual,2WD,2007,14.0,1000.0,61000
Hyyundai Tucson,red,Diesel,0,0,0,Hyundai,2150000,Manual,4WD,2007,13.0,2000.0,78000
Suzuki cargo van,white,Petrol,0,0,0,Maruti Suzuki,540000,Manual,2WD,2014,14.0,800.0,50000
Toyota Yaris silver colour one hand 2007,silver,Petrol,0,1,0,Toyota,1400000,Automatic,2WD,2007,14.0,1400.0,100000
Suzuki Swift Dezire New Shape,red,Petrol,0,0,0,Maruti Suzuki,2190000,Manual,2WD,2017,14.0,1197.0,38000
wagon r,silver,Petrol,0,1,0,Maruti Suzuki,1375000,Manual,2WD,2014,16.0,1000.0,28000
Grand i10 Asta 2014,silver,Petrol,0,0,0,Hyundai,2125000,Manual,2WD,2014,15.0,1197.0,48000
Ford Fiesta Classic,white,Diesel,0,0,0,Ford,1150000,Manual,2WD,2014,16.0,1400.0,50000
Toyota fortuner 2015 model,white,Diesel,0,0,0,Toyota,9700000,Manual,4WD,2015,15.0,3000.0,50000
Honda brio smt 2012 model seal pack engine,blue,Petrol,0,0,1,Honda,1350000,Manual,2WD,2012,14.0,1200.0,59000
Mazda 2,Unknown,Petrol,0,0,0,Mazda,1625000,Manual,2WD,2010,15.0,1500.0,61000
Grand Vitara 2007 model,silver,Petrol,0,0,0,Maruti Suzuki,1950000,Manual,4WD,2007,15.0,1200.0,50000
Polo 1.6 2013 Highline,Unknown,Petrol,0,0,0,Volkswagen,1725000,Manual,2WD,2013,15.0,1200.0,62000
Mahindra E2o Electric Car,Unknown,Electric,0,0,0,Mahindra,1375000,Automatic,2WD,2016,15.0,1200.0,50000
swift vxi 2012 mode is for sale,silver,Petrol,0,0,0,Maruti Suzuki,1675000,Manual,2WD,2012,15.0,1200.0,52000
Second hand Bolt XM,white,Petrol,0,0,0,Tata,1999999,Manual,2WD,2017,17.0,1200.0,50000
Suzuki car,grey,Petrol,0,0,0,Maruti Suzuki,750000,Manual,2WD,2008,15.0,800.0,50000
à¤¸à¤¬à¥ˆ à¤­à¤¨à¥à¤¦à¤¾ à¤¸à¤¸à¥à¤¤à¥‹ à¤®à¥‚à¤²à¥à¤¯à¤®à¤¾ indigo 2010 full option,silver,Diesel,0,1,0,Tata,795000,Manual,2WD,2010,18.0,1405.0,64000
2021 model Hyundai Venue-S 9847699255,white,Petrol,0,0,0,Hyundai,3650000,Manual,2WD,2021,15.0,1200.0,21000
KIA SELTOS HTK+2020,Other,Petrol,0,0,0,Kia,4275000,Manual,2WD,2020,16.0,1500.0,28500
Magnite like new,silver,Petrol,0,0,0,Nissan,2450000,Manual,2WD,2021,15.0,1000.0,5600
Second hand swift zxi,blue,Petrol,0,0,0,Maruti Suzuki,1900000,Automatic,2WD,2013,18.0,1200.0,45000
Hyundai Creta E+ On Sale,white,Petrol,0,0,0,Hyundai,3950000,Manual,2WD,2019,15.0,1600.0,20000
Maruti Suzuki Celerio Auto Gear On Sale,green,Petrol,0,0,0,Maruti Suzuki,1850000,Automatic,2WD,2014,12.0,1000.0,40000
Second hand Nexon,red,Diesel,0,0,0,Tata,3400000,Automatic,2WD,2018,18.0,1500.0,40000
Hyundai Santro On Sale,silver,Petrol,0,0,0,Hyundai,1100000,Manual,4WD,2007,15.0,1000.0,60000
Hyundai I20 Active S On Sale,brown,Petrol,0,0,0,Hyundai,2850000,Manual,2WD,2017,15.0,1200.0,50000
2010 model Tata Safari VX 7 sitter 4wd 9847699255,green,Diesel,0,0,0,Tata,1175000,Manual,4WD,2010,15.0,2169.0,70000
Mahindra Scorpio S4 On Sale,blue,Diesel,0,0,0,Mahindra,3150000,Manual,2WD,2016,12.0,2200.0,50000
Full option Ford Ecosport for Sale,grey,Diesel,0,0,1,Ford,2299000,Manual,2WD,2015,15.0,1499.0,50000
Airport Pick-up & Drop,Unknown,Petrol,0,0,0,Maruti Suzuki,1500000,Manual,2WD,2015,15.0,1100.0,50000
VW Taigun for sale,Other,Petrol,0,0,0,Volkswagen,6200000,Automatic,2WD,2021,15.0,1200.0,17000
Volkswagen Touareg 2010,white,Diesel,0,0,0,Volkswagen,6200000,Automatic,4WD,2010,15.0,2967.0,98000
Hyundai Creta 1.6 Gasoline Sx for sale,white,Petrol,0,1,0,Hyundai,5500000,Manual,2WD,2019,15.0,1591.0,30000
Renault duster,Other,Petrol,0,1,0,rxl,2400000,Manual,2WD,2016,12.0,1596.0,36000
Ufo jonway chinese,white,Petrol,0,1,0,Other Chinese Brands,1050000,Manual,2WD,2010,10.0,1596.0,65000
santro 2003,Unknown,Petrol,0,0,0,Hyundai,650000,Unknown,Unknown,2003,15.0,1000.0,50000
Hyundai I20 Asta Diesel engine CRDI,silver,Diesel,0,0,0,Hyundai,1375000,Manual,2WD,2010,15.0,1400.0,47000
SUPER FRESH CONDITION SUZUKI SWIFT DEZIRE ON SALE,silver,Petrol,0,0,1,Maruti Suzuki,1185000,Manual,2WD,2009,15.0,1300.0,45000
Tata Ace Ht 2017,blue,Diesel,0,0,0,Tata,630000,Automatic,2WD,2017,15.0,702.0,5900
Maruti Suzuki Eeco Van 5seater With AC 2017 Model,white,Petrol,0,0,0,Maruti Suzuki,1475000,Manual,2WD,2017,15.0,1196.0,38300
maruti suzuki brezza vxi 2021,Other,Petrol,0,1,0,Maruti Suzuki,4050000,Manual,2WD,2021,20.0,1500.0,17000
Kia Sportage single hand with multiple airbag,grey,Diesel,0,0,0,Kia,5700000,Manual,4WD,2016,15.0,2500.0,36200
maruti Suzuki Eeco van with AC,white,Petrol,0,0,0,5seater,1475000,Manual,2WD,2017,15.0,1196.0,38300
Mahindra Scorpio S4 plus 2016 single hand,silver,Petrol,0,0,0,Mahindra,3300000,Unknown,Unknown,2016,15.0,2000.0,56000
Hyundai Kona Electric 150kW,blue,Electric,0,0,1,Hyundai,6500000,Automatic,2WD,2020,550.0,1200.0,20000
Fresh Condition Suzuki Swift Vxi 2009 Model onsale,silver,Petrol,0,0,0,Maruti Suzuki,1350000,Manual,2WD,2009,2025.0,1298.0,64000
Hyundai tucson,blue,Diesel,0,1,0,Hyundai,2350000,Manual,4WD,2009,12.0,2000.0,73000
Fresh Condition I10 Magna 1.2 2013 Model For Sell,cream,Petrol,0,0,0,Hyundai,1700000,Manual,2WD,2013,14.0,1200.0,62000
Urgent Sale Tata xenon Doible cabin 4 WD 2015,silver,Diesel,0,0,0,Tata,1400000,Manual,4WD,2015,15.0,2200.0,130000
Hyundai Creta 2022 model,white,Diesel,0,0,0,Hyundai,4800000,Manual,2WD,2022,15.0,1200.0,50000
hilux on sale,white,Petrol,0,1,0,Toyota,7600000,Automatic,4WD,2017,15.0,2700.0,65000
suzuki brezza zdi+,grey,Diesel,0,1,0,Maruti Suzuki,3100000,Manual,2WD,2017,18.0,1248.0,56000
Tata Sumo Victa 2008,silver,Diesel,0,0,0,Tata,975000,Manual,2WD,2008,15.0,1948.0,56000
I10 Magna 2009,black,Petrol,0,0,0, 9851008482,1350000,Manual,2WD,2009,15.0,1197.0,50000
Eicher terra 16xp tipper sasto ma bikrima,yellow,Diesel,0,0,0,Eicher,3700000,Unknown,Unknown,2021,15.0,4898.0,3700
suzuki alto,silver,Petrol,0,1,0,Maruti Suzuki,699000,Automatic,2WD,2007,15.0,800.0,50000
Tata indica 500000 9860462630,black,Petrol,0,0,0,Tata,500000,Automatic,2WD,2007,15.0,1500.0,50000
Swift Dzire 2010 Model,grey,Petrol,0,0,0,Maruti Suzuki,1400000,Unknown,Unknown,2010,15.0,1300.0,61000
Ufo jeep for sale,Other,Petrol,0,0,0,Other Chinese Brands,1500000,Manual,2WD,2010,15.0,1600.0,86000
Excellent Condition Maruti Suzuki Alto 800 On Sale,grey,Petrol,0,0,0,Unknown,1250000,Manual,2WD,2015,15.0,800.0,40352
omni cargo van 2012 for sale,white,Petrol,0,0,1,Maruti Suzuki,525000,Manual,2WD,2012,10.0,800.0,8200
good condition somu gold ex 2016 ko fresh xa,red,Diesel,0,0,0,Tata,1500000,Manual,2WD,2016,14.0,2900.0,80000
good condition bolero dubele cap 4Ã—4,white,Diesel,0,0,0,Mahindra,1750000,Manual,4WD,2018,12.0,2523.0,60000
Double Cabin bolero on Sell with full condition,Unknown,Diesel,0,0,0,Mahindra,1350000,Automatic,4WD,2014,15.0,1200.0,50000
Like New 2021 Suzuki Wagon R up for sale,grey,Petrol,0,0,0,Maruti Suzuki,2275000,Manual,2WD,2021,15.0,1000.0,15000
Hyundai I 10 Megna car On sell.,silver,Petrol,0,0,0,Hyundai,1325000,Automatic,2WD,2009,15.0,1200.0,70000
Swift Zxi 2015 Model With Push Bottom On Sale,red,Petrol,0,0,0,Maruti Suzuki,2149999,Manual,2WD,2015,16.0,1200.0,41100
2017 model bolero flat body sale or exng with car,white,Petrol,0,0,0,Mahindra,1450000,Manual,2WD,2017,15.0,2500.0,53000
Maruti Suzuki Alto,silver,Petrol,0,0,0,Maruti Suzuki,1100000,Unknown,Unknown,2011,17.0,1000.0,58000
Honda City Zxi,silver,Petrol,0,0,0,Honda,1100000,Manual,2WD,2007,15.0,1500.0,75000
Nissan Patrol Automatic,silver,Diesel,0,0,0,Nissan,11500000,Automatic,4WD,2014,15.0,3000.0,50000
Hyundai i20 Active,silver,Petrol,0,0,1,Hyundai,2500000,Manual,2WD,2016,15.0,1200.0,81000
Daihatsu terios 2014 model for sale,white,Petrol,0,0,0,Daihatsu,4300000,Manual,4WD,2014,15.0,1500.0,59000
Santro For Sale,black,Petrol,0,1,0,Hyundai,1150000,Manual,2WD,2007,13.0,1096.0,57000
2007 model maruti sujuki 800 car,white,Petrol,0,0,0,Maruti Suzuki,515000,Automatic,2WD,2007,19.0,796.0,50000
2002 model maruti 800 car,white,Petrol,0,0,0,Maruti Suzuki,365000,Automatic,2WD,2002,18.0,796.0,56000
Cargo Van,white,Petrol,0,0,0,Maruti Suzuki,350000,Automatic,2WD,2010,10.0,800.0,80000
Crane,Unknown,Petrol,0,0,0,Other Brands,2500000,Manual,2WD,2010,15.0,1200.0,50000
Swift Vxi 2009,blue,Petrol,0,0,0,Maruti Suzuki,1385000,Manual,2WD,2009,14.0,1300.0,76500
Tata Ace xL,cream,Diesel,0,0,1,Tata,950000,Manual,2WD,2020,15.0,700.0,28250
MG ZS EV 2021 model,white,Electric,0,0,0,Other Brands,5100000,Automatic,2WD,2021,15.0,1200.0,50000
Jimny Suv,Other,Petrol,0,1,0,Maruti Suzuki,1700000,Manual,4WD,1998,18.0,1200.0,98000
Santro,grey,Petrol,0,0,0,Hyundai,2225000,Manual,2WD,2021,15.0,1086.0,15000
Hyundai i20 Asta 1.4 Automatic for Sale!!!,marron,Petrol,0,0,0,Hyundai,1800000,Automatic,2WD,2010,15.0,1400.0,76342
Hyundai Santro Era 2021,grey,Petrol,0,0,0,9851008482,2225000,Manual,2WD,2021,15.0,1100.0,15000
Hyundai Santro 2014 Silver,silver,Petrol,0,0,0,Hyundai,1600000,Manual,2WD,2014,14.0,1186.0,35000
For Sale,Unknown,Diesel,0,0,0,Eicher,650000,Automatic,4WD,2015,15.0,1200.0,50000
nissan supersaloon sedan car,Other,Petrol,0,0,0,Nissan,1250000,Manual,2WD,2006,13.0,1596.0,69000
Swift Zxi 2016,Unknown,Petrol,0,0,0,Maruti Suzuki,2260000,Manual,2WD,2016,15.0,1200.0,42000
2011 BOLERO DOUBLE CAB 4WD,white,Diesel,0,0,0,Mahindra,950000,Manual,4WD,2011,12.0,2523.0,77000
Single Hand 2015 Swift dzire zxi,grey,Petrol,0,0,0,Maruti Suzuki,2100000,Manual,2WD,2015,14.0,1197.0,47000
Single hand 2010 i20 asta,grey,Petrol,0,0,0,Hyundai,1575000,Manual,2WD,2010,13.0,1197.0,58000
Modified Small Hatchback Daihatshu cuore!,blue,Petrol,0,0,0,Daihatsu,575000,Manual,2WD,1997,12.0,850.0,98521
14 model Bolero is in sale,white,Diesel,0,0,0,Mahindra,1050000,Manual,2WD,2014,10.0,2900.0,50000
Ecosport Signature 2018,blue,Petrol,0,0,0,9851008482,3550000,Manual,2WD,2018,15.0,1500.0,50000
Tata Zest 2017,silver,Petrol,0,0,1,Tata,2400000,Manual,2WD,2017,15.0,1200.0,29000
Hyundai eon era+,blue,Petrol,0,0,0,Hyundai,1075000,Manual,2WD,2013,22.0,814.0,45000
Scorpio S4 Urgently Sell Ma,white,Diesel,0,0,1,Mahindra,2650000,Automatic,2WD,2015,15.0,2179.0,155000
Ford Figo Titanium 2013,white,Petrol,0,1,0,Ford,1200000,Manual,2WD,2013,15.0,1200.0,56000
Automatic Suzuki celerio on sale,blue,Petrol,0,0,0,Maruti Suzuki,1800000,Automatic,2WD,2014,15.0,1000.0,50000
Santro 2010 Fresh,white,Petrol,0,0,1,Hyundai,1300000,Manual,2WD,2010,12.0,1100.0,75000
Toyota Pickup,red,Diesel,0,0,0,Toyota,875000,Automatic,4WD,1997,15.0,2800.0,50000
santro bikrima,grey,Petrol,0,0,0,Hyundai,1025000,Manual,2WD,2006,18.0,1100.0,100000
Suzuki Swift 2007,Unknown,Petrol,0,0,0,Maruti Suzuki,1100000,Manual,2WD,2017,15.0,1300.0,72256
scorpio2015,white,Diesel,0,0,0,Mahindra,1700000,Automatic,4WD,2015,15.0,1200.0,50000
2014 modal ko mahendra sell,Other,Diesel,0,0,0,Mahindra,895000,Automatic,2WD,2014,12.0,5223.0,9800
Hyundai i10 magna 1200 cc on sell,blue,Petrol,0,0,0,Hyundai,1275000,Manual,2WD,2008,14.0,1200.0,62000
Nexon ev xz+,blue,Electric,0,0,0,Tata,3600000,Automatic,2WD,2021,270.0,100.0,25000
Alto taxi,Unknown,Petrol,0,0,0,Maruti Suzuki,2550000,Automatic,2WD,2018,15.0,800.0,50000
Santro full option,silver,Petrol,0,1,0,Hyundai,1035000,Manual,2WD,2006,15.0,1086.0,68500
Ford freestyle titanium 2018,cream,Petrol,0,1,0,Ford,2300000,Automatic,2WD,2018,16.0,1200.0,47000
"Fresh, single handed, driven by doctor i10 sportz",silver,Petrol,0,1,0,Hyundai,1485000,Manual,2WD,2010,14.0,1200.0,46374
KIA SPORTAG on sale,Other,Diesel,0,0,0,Kia,2000000,Automatic,4WD,2006,12.0,2000.0,54000
Hyundai tucson 1991 CC Fully loaded Four wheel 4Ã—4,red,Diesel,0,0,0,Hyundai,2050000,Automatic,4WD,2009,16.0,1991.0,85000
Sonata,silver,Petrol,0,0,0,Hyundai,2700000,Manual,2WD,2010,10.0,2000.0,50000
Kia Niro Ev,silver,Electric,0,0,0,Kia,5500000,Automatic,2WD,2019,15.0,1200.0,46000
Scorpio Pick Up 2016 4wd,silver,Diesel,0,0,0,Unknown,2300000,Manual,4WD,2016,18.0,2500.0,60965
isuzu v-cross,silver,Diesel,0,0,0,Other Brands,4499999,Manual,4WD,2017,15.0,2499.0,56000
Ford Ecosport,black,Petrol,0,0,0,Ford,1770000,Manual,2WD,2015,15.0,1500.0,75000
Land cruiser Prado vx 2017 model,silver,Diesel,0,0,0,Toyota,24000000,Automatic,4WD,2017,15.0,3000.0,78564
2003 model ko Omni seater van on sale,white,Petrol,0,0,1,Maruti Suzuki,400000,Automatic,2WD,2003,14.0,796.0,70000
Toyota Corolla LX exceptional condition for sale,red,Petrol,0,0,0,Toyota,2050000,Manual,2WD,2009,18.0,1200.0,77000
Excellent 2012 ford Figo with 50 percent finance,red,Petrol,0,0,1,Ford,985000,Manual,2WD,2012,12.0,1200.0,52000
Ford EcoSport wanted,white,Petrol,0,0,0,Ford,1800000,Manual,2WD,2016,15.0,1200.0,50000
Excellent Singlehand 2016 breeza,black,Petrol,0,0,1,Maruti Suzuki,2490000,Manual,2WD,2016,18.0,1300.0,47000
Taxi 2004 For Sale,white,Petrol,0,0,0,Maruti Suzuki,699000,Manual,2WD,2004,69000.0,800.0,69000
Excellent Condition Suzuki Swift Vxi 2009 on sale,silver,Petrol,0,0,0,Maruti Suzuki,1375000,Manual,2WD,2009,2025.0,1298.0,50000
Santro 2003 Model,blue,Petrol,0,0,0,Hyundai,775000,Manual,2WD,2003,15.0,1100.0,80000
Ford Eco Sport on sale,white,Petrol,0,0,0,Ford,2150000,Automatic,2WD,2015,14.0,1500.0,42000
Need Hyundai i10,Unknown,Petrol,0,0,0,Hyundai,1400000,Automatic,2WD,2012,15.0,1200.0,50000
i20 2016 urgent sale,blue,Petrol,0,0,0,Hyundai,2400000,Manual,2WD,2016,15.0,1200.0,30000
"urgent sell,9844502651.9813628286",white,Diesel,0,0,0,Mahindra,1500000,Automatic,4WD,2020,50.0,1200.0,50000
urjent,blue,Diesel,0,0,0,Tata,1050000,Automatic,2WD,2021,18.0,800.0,30000
Hyundai I10 magna 2014,grey,Petrol,0,0,0,Hyundai,1750000,Manual,2WD,2014,15.0,1200.0,50000
I20 Magna,silver,Petrol,0,0,0,Hyundai,1450000,Manual,2WD,2010,12.0,1200.0,53000
Isuzu higher lander truck,white,Diesel,0,0,0,Other Brands,4500000,Manual,4WD,2020,11.0,2500.0,55000
car,Unknown,Petrol,0,0,0,Chevrolet,575000,Manual,2WD,2012,15.0,1000.0,25000
yodha ba 18 cha 2125,white,Diesel,0,0,1,Tata,900000,Manual,2WD,2017,10.0,2900.0,50000
6 lakh good condition all tyre new,grey,Petrol,0,0,0,Kia,600000,Automatic,2WD,2004,15.0,1300.0,45000
Ssangyong Rexton Automatic 4WD,black,Diesel,0,0,0,Ssangyong,11000000,Automatic,4WD,2017,15.0,2157.0,35000
Nissan micra 2017 is on sale,silver,Petrol,0,0,0,Nissan,1450000,Manual,2WD,2017,12.0,1200.0,40000
Ecosport Titanium Full Option 2021 Ford,silver,Petrol,0,0,0,Ford,3450000,Manual,2WD,2021,16.0,1497.0,30000
Ford Figo,red,Diesel,0,0,0,Ford,1600000,Manual,4WD,2017,15.0,1656.0,70000
Celerio X ZXI 2018 Maruti Suzuki,white,Petrol,0,0,0,Maruti Suzuki,2150000,Automatic,4WD,2018,20.0,998.0,38000
2008 MODEL TOYOTA PRADO JEEP ON SALE,silver,Diesel,0,1,0,Toyota,7000000,Manual,4WD,2008,6.0,3000.0,110000
Kia Sportage 2010 AWD for sell,grey,Petrol,0,0,0,Kia,2450000,Automatic,4WD,2010,10.0,1998.0,56000
Bolero,white,Diesel,0,0,0,Tata,1600000,Manual,4WD,2016,15.0,2523.0,50000
Honda Amaze 1.2 SMT 2014,blue,Petrol,0,0,0,Honda,1775000,Manual,2WD,2014,15.0,1200.0,57000
Nissan Sunny FE 1998,blue,Diesel,0,0,0,Diesel,425000,Manual,2WD,1998,15.0,2000.0,50000
2014 model single hand alto car,silver,Petrol,0,0,0,Maruti Suzuki,1250000,Manual,2WD,2014,17.0,800.0,23000
Swift VXI 2016,silver,Petrol,0,0,0,Maruti Suzuki,2000000,Manual,2WD,2016,15.0,1200.0,49000
Land Cruiser Prado 1998 On Sale,blue,Diesel,0,0,1,Toyota,3400000,Manual,4WD,1998,10.0,2800.0,146000
Hyundai Creta S 2015,silver,Petrol,0,0,0,Hyundai,2950000,Manual,2WD,2015,15.0,1600.0,50000
Urgent Sale,Other,Diesel,0,0,1,Safari,850000,Automatic,2WD,2006,12.0,2950.0,1500
Second hand isuzu Dmax,white,Diesel,0,0,0,Other Brands,1500000,Manual,2WD,2018,15.0,2999.0,35000
Second hand car,white,Diesel,0,0,0,Tata,1300000,Manual,2WD,2014,15.0,1248.0,50000
brand new suzuki ignis 2022,Other,Petrol,0,0,0,Maruti Suzuki,3474000,Manual,2WD,2022,17.0,1197.0,315
urjent sale,grey,Petrol,0,0,1,Hyundai,1125000,Automatic,2WD,2008,14.0,1086.0,76009
Sale of Car,cream,Petrol,0,0,0,Datsun,1500000,Unknown,Unknown,2017,15.0,1200.0,14000
BMW 318i 2003 Model with Automatic Gear,blue,Petrol,0,0,0,Other Brands,4500000,Automatic,2WD,2003,15.0,2000.0,62000
Nissan Super Saloon 2007 Model,golden,Petrol,0,0,0,Nissan,1250000,Manual,2WD,2007,15.0,1500.0,90000
Ford Endeavour 2016 Model with Automatic Gear,white,Diesel,0,0,0,Ford,8300000,Automatic,4WD,2016,15.0,3200.0,73000
Tata ALTROZ top verient,silver,Petrol,0,0,0,Tata,2900000,Manual,2WD,2021,16.0,1200.0,13000
venue,silver,Petrol,0,0,0,Hyundai,3100000,Manual,2WD,2020,20.0,1200.0,6700
toyota lx 2008,grey,Petrol,0,0,1,Toyota,1950000,Manual,2WD,2008,11.0,1600.0,71000
Hundai tucson 2009 on sell,silver,Diesel,0,0,1,Hyundai,2100000,Manual,4WD,2009,12.0,2000.0,90000
Kia Hiace for sale.,silver,Diesel,0,0,0,Kia,1400000,Manual,2WD,2011,15.0,2600.0,114000
suzuki,red,Petrol,0,0,0,Maruti Suzuki,860000,Manual,2WD,2009,17.0,800.0,50000
Hyundai I10 for sale,grey,Petrol,0,1,0,Hyundai,1850000,Unknown,Unknown,2015,15.0,1100.0,19800
Santro Xing 10 model Gandaki Zone,red,Petrol,0,0,1,Hyundai,1165000,Manual,2WD,2010,50000.0,1075.0,50000
Santro Xing 2007 full option,white,Petrol,0,0,1,Hyundai,950000,Manual,2WD,2007,18.0,1047.0,67000
VW POLO 1.6,silver,Petrol,0,0,0,Volkswagen,2200000,Manual,2WD,2014,2025.0,1600.0,47000
Maruti 2019cargo van,white,Petrol,0,0,0,Maruti Suzuki,685000,Automatic,2WD,2019,12.0,800.0,50000
Cheverolet spark,red,Petrol,0,0,0,american brand,725000,Manual,2WD,2009,15.0,995.0,63000
Creta XsO CVT auto top 2021,white,Petrol,0,0,0,Hyundai,6650000,Automatic,2WD,2021,13.0,1499.0,17000
"VOLKSWAGEN POLO 1.6 , 2014 model, Hatchback",silver,Petrol,0,1,0,Volkswagen,2000000,Unknown,Unknown,2014,15.0,1600.0,21000
Baleno Zeta 2016 Bagmati,white,Petrol,0,0,0,Maruti Suzuki,2250000,Manual,2WD,2016,15.0,1200.0,59000
Excellent Condition Alto 800 Lxi 2015 For Sell,grey,Petrol,0,0,0,Maruti Suzuki,1250000,Manual,2WD,2015,18.0,800.0,40000
omni cargo,Unknown,Petrol,0,0,0,Maruti Suzuki,635000,Manual,2WD,2018,15.0,1200.0,50000
Car,red,Petrol,0,0,0,Other Chinese Brands,1000000,Manual,2WD,2008,15.0,1300.0,20000
chevrolet aveo luxurious car for sale,Other,Petrol,0,0,0,Chevrolet,1050000,Manual,4WD,2008,11.0,1600.0,68000
volkswagen polo highline 1.6 2013,silver,Petrol,0,0,0,Volkswagen,1675000,Manual,2WD,2013,15.0,1600.0,50000
Like a new MG zs,white,Electric,0,0,0,EV,5500000,Automatic,2WD,2021,400.0,110.0,20000
Sell or exchange,Other,Petrol,0,1,0,Ford,1975000,Manual,2WD,2013,15.0,1500.0,31000
car on sale,white,Diesel,0,0,1,Mitsubishi,2250000,Manual,4WD,2007,15.0,2495.0,50000
Tucson 2009 model URGENT sale,blue,Diesel,0,0,0,Hyundai,2300000,Manual,4WD,2009,15.0,1997.0,67000
Mahindra Scorpio S5 4WD,white,Diesel,0,0,0,Mahindra,3900000,Manual,4WD,2017,14.0,2179.0,50000
Hyundai Elantra 2011 Model,blue,Petrol,0,0,0,Hyundai,3000000,Manual,2WD,2011,15.0,1600.0,65000
kia rio fully fresh,silver,Petrol,0,0,1,Kia,875000,Manual,2WD,2007,11.0,1400.0,68000
car,silver,Petrol,0,1,0,Maruti Suzuki,1300000,Manual,2WD,2010,13.0,1200.0,68000
Suzuki WagonR 2016 vxi single hand excellent condi,grey,Petrol,0,0,0,Maruti Suzuki,1650000,Manual,2WD,2016,14.0,1000.0,37000
Suzuki swift 2021 Zxi+ top option single hand,blue,Petrol,0,0,0,Maruti Suzuki,2850000,Manual,2WD,2021,14.0,1200.0,22000
Brand New Brezza 2023 Model,Unknown,Hybrid,0,0,0,Maruti Suzuki,5299000,Manual,2WD,2023,19.0,1462.0,50000
ford ecosport 2014 automatic,silver,Petrol,0,0,0,Ford,2450000,Automatic,2WD,2014,14.0,1200.0,44000
Hyundai Tucson On Sale,marron,Diesel,0,0,0,Hyundai,2150000,Automatic,4WD,2008,2025.0,2000.0,65000
Maruti Suzuki Swift ZXI,silver,Petrol,0,0,0,Maruti Suzuki,2625000,Manual,2WD,2018,15.0,1200.0,33598
Polo on sale,brown,Petrol,0,0,0,Volkswagen,2350000,Manual,2WD,2016,10.0,1699.0,47000
Volkswagen Polo 1.2 Trendline 2012 Model,red,Petrol,0,0,0,Volkswagen,1400000,Manual,2WD,2012,15.0,1200.0,50000
Suzuki Wagon R on sales,red,Petrol,0,0,0,Maruti Suzuki,1100000,Manual,2WD,2010,15.0,1061.0,49565
Eco cargo van: model 2019,Unknown,Petrol,0,0,0,Maruti Suzuki,1250000,Manual,2WD,2019,15.0,1196.0,50000
Hyundai Creta 2016,Unknown,Petrol,0,0,0,Hyundai,3200000,Unknown,Unknown,2016,15.0,1499.0,21500
Scorpio s4 2016 model,blue,Diesel,0,0,0,Mahindra,3100000,Manual,2WD,2016,15.0,2200.0,50000
Grand i10 Asta 2014,grey,Petrol,0,0,0,Hyundai,2090000,Manual,2WD,2014,15.0,1197.0,42000
I10 Megna 2013 red color,red,Petrol,0,0,1,Hyundai,1600000,Manual,2WD,2013,13.0,1200.0,62000
hyundai i 20active s 2016 on cell.,white,Petrol,0,0,0,Hyundai,2499000,Manual,2WD,2016,15.0,1200.0,50000
Kia sonet,Unknown,Petrol,0,0,0,Kia,3230000,Manual,2WD,2021,15.0,1200.0,8500
kia Picanto Ex 2010,Other,Petrol,0,0,0,Kia,1175000,Manual,2WD,2010,15.0,1086.0,50000
Grand i10 Magna 2015,silver,Petrol,0,0,0,Hyundai,2050000,Manual,2WD,2015,15.0,1197.0,39000
Nissan kicks 2021 model,grey,Petrol,0,0,0,Nissan,4100000,Manual,2WD,2021,15.0,1600.0,32000
"2005 model kia picanto fulloption sale,exng bikes",black,Petrol,0,0,0,Kia,795000,Manual,2WD,2005,15.0,1000.0,65000
Brezza ZXI 2019,Unknown,Petrol,0,0,0,Maruti Suzuki,3500000,Manual,2WD,2019,15.0,1200.0,17000
Hyundai grand i10 nios 2021,Unknown,Petrol,0,0,0,Hyundai,2950000,Manual,2WD,2021,13.0,1200.0,6000
2008 model kia sorento fully loaded sale ot exng,silver,Diesel,0,0,0,Kia,2050000,Manual,4WD,2008,15.0,2500.0,65000
maruti van,silver,Petrol,0,0,0,Maruti Suzuki,690000,Automatic,2WD,2012,15.0,800.0,65000
sell for mahindra pick-up bullero 1300000,white,Diesel,0,0,0,Mahindra,1300000,Manual,2WD,2013,18.0,1600.0,81000
"Datsun Redi Go, 2016",grey,Petrol,0,0,0,Datsun,1150000,Manual,2WD,2016,22.0,800.0,17000
Vitara brezza 2023 booking openðŸ˜,red,Hybrid,0,0,0,Maruti Suzuki,5299000,Manual,2WD,2023,19.0,1462.0,314
Nissan Magnite 2021 Urgent sale,white,Petrol,0,1,0,Nissan,2700000,Automatic,2WD,2021,17.5,1000.0,16000
Sale or Exchange: Volkswagen Cross Polo 1.6,silver,Petrol,0,0,0,Volkswagen,2600000,Manual,2WD,2016,15.0,1600.0,23000
Ford Ranger XL 3.2c 2017 Model Single Hand On Sale,silver,Diesel,0,1,0,Ford,5500000,Manual,4WD,2017,11.0,3200.0,61000
hyundai creta 2018 on sale,white,Petrol,0,0,0,Hyundai,3775000,Manual,2WD,2018,2025.0,1500.0,35000
Maruti Suzuki alto k10 vxi.,red,Petrol,0,0,0,Maruti Suzuki,1450000,Automatic,2WD,2016,19.0,998.0,45000
Tata zest XT 2015 model 1200 cc,Unknown,Petrol,0,0,0,Tata,2500000,Manual,2WD,2015,15.0,1200.0,50000
Fiat Punto Dynamic 2013 for Sale,silver,Diesel,0,0,0,Fiat,1100000,Manual,2WD,2013,18.0,1248.0,69500
"I10 Sportz Grey ,2011 Model 2 Hand , 52000 Km Run",grey,Petrol,0,0,0,Hyundai,1580000,Manual,2WD,2011,16.0,1197.0,52000
omni van 8 seater 2016 single hand,silver,Petrol,0,1,0,Maruti Suzuki,850000,Automatic,2WD,2016,16.0,800.0,34000
mahindra supro t4,red,Diesel,0,0,1,Mahindra,750000,Automatic,2WD,2018,13.0,1000.0,75000
i 10 sale 9813637744 fullopson grey ktm rs 1445/-,grey,Petrol,0,0,0,Hyundai,1445000,Manual,2WD,2011,18.0,1200.0,51700
Car,Other,Petrol,0,0,0,Toyota,2500000,Unknown,Unknown,2011,70.0,1200.0,70000
SWIFT ZXI 2014 On Urgent Sale,white,Petrol,0,0,1,Maruti Suzuki,1850000,Manual,2WD,2014,15.0,1197.0,50000
Hyundai Creta 2021 sx ivt top model,Other,Petrol,0,0,0,Hyundai,6500000,Automatic,2WD,2021,15.0,1500.0,6000
skoda laura 2011,black,Diesel,0,0,0,Skoda,1525000,Manual,2WD,2011,10.0,1896.0,70000
Hyundai i10 magna,Other,Petrol,0,0,0,Hyundai,1500000,Automatic,2WD,2011,15.0,1086.0,50000
MG ZS EV 2021 model,white,Electric,0,0,0,Other Brands,5400000,Automatic,2WD,2021,15.0,1200.0,50000
Hyundia I 10 magna,Unknown,Petrol,0,0,0,Hyundai,1700000,Automatic,2WD,2012,15.0,1197.0,48000
Grand i10 Sportz on Sale,grey,Petrol,0,1,0,Hyundai,2475000,Manual,2WD,2018,16.0,1200.0,36500
Ford EcoSport Titanium 2015 Model,silver,Petrol,0,0,0,Ford,2200000,Manual,2WD,2015,15.0,1200.0,50000
Hyundai Tucson 2009 model,green,Diesel,0,0,0,Hyundai,2000000,Manual,4WD,2009,15.0,1200.0,50000
Maruti Omni Van 2018,silver,Petrol,0,0,1,Maruti Suzuki,920000,Automatic,2WD,2018,13.0,796.0,35000
Toyota Etios V,grey,Petrol,0,0,0,Toyota,1700000,Unknown,Unknown,2014,15.0,1500.0,52000
Zen Stailo Vxi 2010,golden,Petrol,0,0,0,Maruti Suzuki,1025000,Manual,2WD,2010,15.0,996.0,51000
Brezza on sale,silver,Petrol,0,0,0,Maruti Suzuki,4200000,Unknown,Unknown,2021,15.0,1500.0,16000
TOYOTA YARIS MADE IN JAPAN,red,Petrol,0,0,0,Toyota,1599000,Manual,2WD,2007,15.0,1496.0,50000
Suzuki Swift VXI 2013,white,Petrol,0,0,0,Maruti Suzuki,1700000,Manual,2WD,2013,15.0,1200.0,50000
Mahindra kuv100 k6,red,Petrol,0,0,0,Mahindra,1750000,Manual,2WD,2016,16.0,1000.0,44532
Datsun Go,grey,Petrol,0,0,0,Datsun,1100000,Automatic,2WD,2014,16.0,1200.0,65000
Suzuki baleno 2017,white,Petrol,0,0,0,Maruti Suzuki,2050000,Manual,2WD,2017,15.0,1200.0,45000
Kia Picanto 2006,blue,Diesel,0,0,0,Kia,950000,Unknown,Unknown,2006,12.0,1086.0,72000
Vw Vento 1.6L Highline Plus 2013 Exchange Also,silver,Petrol,0,0,1,Volkswagen,1775000,Manual,2WD,2013,14.0,1600.0,53500
Mahindra Scorpio S6 plus 2017,silver,Diesel,0,0,0,Mahindra,3400000,Manual,2WD,2017,15.0,2200.0,50000
"Kia Sonet , Kiasonet Car SUV",Unknown,Petrol,0,0,0,Kia,3125000,Manual,2WD,2021,15.0,1200.0,42000
Bolero single cab mahindra sell,white,Diesel,0,0,0,Mahindra,1200000,Automatic,2WD,2016,15.0,1200.0,100000
Ford Aspire 2015,grey,Petrol,0,1,0,Ford,1575000,Manual,2WD,2015,13.0,1196.0,485780
Hyundai Creta SXO 2019 model,silver,Petrol,0,0,0,Hyundai,5150000,Manual,2WD,2019,15.0,1200.0,50000
Ford Freestyle 2020 model,silver,Petrol,0,0,0,Ford,2450000,Manual,2WD,2020,15.0,1200.0,50000
Hyundai Santro Xing 2010 model,black,Petrol,0,0,0,Hyundai,1150000,Manual,2WD,2010,15.0,1200.0,50000
Maruti zen,Unknown,Petrol,0,0,0,Maruti Suzuki,335000,Manual,2WD,2000,15.0,1200.0,50000
Volkswagen Vento TSl AT Sales & exchange offer,Unknown,Petrol,0,0,0,Volkswagen,5240000,Automatic,2WD,2021,15.0,1200.0,50000
TATA TIGOR XZ+,silver,Petrol,0,0,0,Tata,1999000,Manual,2WD,2017,20.0,1199.0,50000
Isuzu Dmax Vcross,Other,Diesel,0,0,0,Other Brands,5200000,Manual,4WD,2017,15.0,2499.0,60000
Hyundai i20 Active S|2017| Urgent sale| Full fresh,white,Petrol,0,0,0,Hyundai,2725000,Manual,2WD,2017,14.0,1200.0,30000
Hyundai Xcent Sx O 2014,silver,Petrol,0,0,0,Hyundai,2050000,Manual,2WD,2014,15.0,1196.0,54383
Maruti suzuki wagoner 2015,red,Petrol,0,0,0,Maruti Suzuki,1455000,Manual,2WD,2015,15.0,1000.0,52000
Maruti Suzuki swift dzire 2009 ON SALE,blue,Petrol,0,1,0,Maruti Suzuki,1170000,Automatic,2WD,2009,15.0,1200.0,85000
TATA 1109,white,Diesel,0,0,0,Tata,2799000,Manual,2WD,2018,15.0,3700.0,90000
Bolero pick up,white,Diesel,0,1,0,Mahindra,1800000,Automatic,4WD,2018,15.0,1200.0,90000
Kia on sales,white,Petrol,0,1,0,Kia,550000,Automatic,2WD,2004,10.0,1200.0,320000
à¤—à¤¾à¤¡à¥€ à¤¬à¤¿à¤•à¥à¤°à¥€à¤®à¤¾,white,Diesel,0,0,0,Mahindra,2100000,Manual,4WD,2015,15.0,2200.0,64000
Scorpio S4+,blue,Diesel,0,0,0,Mahindra,3850000,Manual,4WD,2017,15.0,2200.0,5600
Hyundai Creta 2017 base model SingleHand For Sale,silver,Petrol,0,0,0,Hyundai,3285000,Manual,2WD,2017,10.0,1600.0,49000
Single Hand Used Fully Loaded Family Car Swift VXI,grey,Petrol,0,0,1,Maruti Suzuki,1675900,Manual,2WD,2012,18.0,1197.0,55000
"Volkswagen polo 1.6 2011 silver, fresh condition,",silver,Petrol,0,0,0,Volkswagen,1500000,Manual,2WD,2011,2025.0,1600.0,55000
Car sell on urgent,red,Petrol,0,1,0,Honda,1290000,Manual,4WD,2007,13.0,1350.0,75000
PROTON WIRA,Unknown,Petrol,0,0,0,2003,575000,Manual,2WD,2003,15.0,1498.0,19000
picanto silver,silver,Petrol,0,0,0,Kia,1050000,Manual,2WD,2009,15.0,1100.0,83000
Hyundai Creta SX+ 2017 Model Fulloptions On Sale,white,Petrol,0,0,0,Hyundai,4100000,Manual,2WD,2017,12.0,1500.0,41000
Ford figo titanium 2015,grey,Petrol,0,0,0,Ford,1250000,Automatic,2WD,2015,15.0,1200.0,50000
Renault duster RXS 2018,Unknown,Petrol,0,0,0,Renault,2500000,Manual,2WD,2018,15.0,1500.0,50000
Urgent sell,blue,Diesel,0,0,1,Tata,950000,Automatic,2WD,2021,20.0,600.0,123
Picanto 2008 Silver full option,silver,Petrol,0,0,0,Kia,900000,Manual,2WD,2008,14.0,1100.0,53000
2013 model ford figo singlehand sale or exng bikes,silver,Petrol,0,0,0,Ford,1250000,Manual,2WD,2013,15.0,1200.0,43000
2019 Hyundai Grand i10 Sportz,Other,Petrol,0,0,0,Hyundai,2575000,Manual,2WD,2019,15.0,1197.0,20000
Mahindra xuv 500 w10 2016 model for sale,orange,Diesel,0,0,0,Mahindra,3850000,Manual,4WD,2016,15.0,2200.0,53000
Maruti Suzuki Alto 800 for sale,Unknown,Petrol,0,0,0,Maruti Suzuki,1500000,Automatic,2WD,2020,15.0,1200.0,50000
Grand I 10 Magna 1.2,silver,Petrol,0,0,0,2019 Model,2550000,Manual,2WD,2019,16.0,1196.0,17000
sky vetor dozer on sale,Unknown,Diesel,0,0,0,Other Brands,4500000,Manual,4WD,2017,15.0,1200.0,50000
TATA VISTA 2010 FOR SALE,Other,Petrol,0,0,1,Tata,700000,Manual,2WD,2010,2025.0,1300.0,84000
School bus sale,yellow,Diesel,0,0,1,Other Brands,1050000,Automatic,2WD,2013,10.0,3200.0,60000
Mazda 3,grey,Petrol,0,0,1,Mazda,1275000,Manual,2WD,2005,14.0,1600.0,36000
toyota corolla old vintage 1975 car,Unknown,Petrol,0,0,0,Toyota,500000,Manual,4WD,1975,15.0,1200.0,50000
"2006 model suzuki japanese vitara 4wd,fully loaded",silver,Petrol,0,0,0,Maruti Suzuki,1950000,Manual,4WD,2006,15.0,2000.0,75000
Urgent sale Maruti van 2018 Model good condition,white,Petrol,0,0,0,Maruti Suzuki,700000,Automatic,4WD,2018,15.0,796.0,63000
SWIFT LXI 2005,silver,Petrol,0,0,0,Urgent Sale ,899999,Manual,2WD,2005,15.0,1200.0,70000
Hyundai creta sxo petrol 2019,white,Petrol,0,0,0,Hyundai,4850000,Manual,2WD,2019,14.0,1598.0,41000
four sale swift zxi 2017 model,Unknown,Petrol,0,0,0,Maruti Suzuki,2250000,Manual,2WD,2017,15.0,1200.0,35680
Japanese Model Mazda 3 On Sale Air Bag N Abs Fresh,blue,Petrol,0,0,1,Mazda,950000,Manual,2WD,2004,10.0,1600.0,61000
pick up van bikrima,white,Petrol,0,0,0,Maruti Suzuki,200000,Manual,2WD,1999,16.0,800.0,20000
Brezza Zxi + petrol 2021 Single owner 9851138810,white,Petrol,0,0,0,Maruti Suzuki,3975000,Manual,2WD,2021,15.0,1500.0,18500
Single hand Honda Jazz VMT Fully Loaded 2016,Other,Petrol,0,1,0,Honda,2475000,Manual,2WD,2016,12.0,1200.0,37000
Santro,silver,Petrol,0,0,0,Hyundai,1250000,Manual,2WD,2009,13.0,1096.0,78000
sales,white,Diesel,0,0,0,Mahindra,1200000,Manual,2WD,2016,15.0,2523.0,127130
indica 2007 model DLE,white,Diesel,0,1,0,Tata,500000,Automatic,2WD,2007,18.0,1400.0,53000
Hilux 2010,silver,Diesel,0,1,0,Toyota,3500000,Manual,4WD,2010,15.0,2500.0,100000
Car,white,Petrol,0,0,0,Volkswagen,1490000,Automatic,4WD,2011,14.0,1600.0,38000
I10 on sale,grey,Petrol,0,0,0,Hyundai,1600000,Manual,2WD,2012,14.0,1100.0,33000
Hyundai i20 active 2016 model in sell,white,Petrol,0,0,0,Hyundai,2650000,Manual,2WD,2016,15.0,1200.0,40000
Urgent sale Hundai i20 Active,silver,Petrol,0,1,0,Hyundai,2950000,Automatic,2WD,2015,12.0,1200.0,53000
Kia Sportage 2016 model single handed in sell,grey,Diesel,0,0,0,Kia,5700000,Manual,4WD,2016,15.0,1200.0,50000
Nissan Datsun Redi Go Brand New Condition 5000k,white,Petrol,0,0,0,Datsun,1750000,Manual,2WD,2021,15.0,1000.0,5000
santro full option,red,Petrol,0,1,0,Hyundai,1200000,Automatic,2WD,2005,12.0,1000.0,42000
Alto Taxi 2019,white,Petrol,0,0,1,Maruti Suzuki,280000,Manual,2WD,2019,17.0,800.0,125000
Scorpio double cab 4wd,silver,Diesel,0,0,1,Mahindra,2575000,Manual,4WD,2017,12.0,2200.0,88000
Toyota AVANZA 7 Seater,Unknown,Petrol,0,0,0,Toyota,1750000,Manual,2WD,0,15.0,1200.0,50000
Kia picanto 2008,red,Petrol,0,0,0,Kia,880000,Unknown,Unknown,2008,15.0,1086.0,70000
FULL FRESH FULLY LOADED HYUNDAI TUCSON ON SALE,blue,Diesel,0,0,1,Hyundai,1875000,Manual,4WD,2008,17.0,2000.0,66000
Tucson for sale,blue,Diesel,0,0,0,Hyundai,1850000,Manual,4WD,2007,15.0,2000.0,50000
Maruti Suzuki Swift 2015 Vxi Single Use For Sale,grey,Petrol,0,0,0,Maruti Suzuki,1875000,Manual,2WD,2015,16.0,1200.0,48000
Honda City 2014,red,Petrol,0,0,1,Honda,2099000,Manual,2WD,2014,12.0,1500.0,55000
hyundai eon,silver,Petrol,0,0,0,Hyundai,900000,Manual,2WD,2012,14.0,814.0,40000
Hyundai i20 Asta Dual Tone,white,Petrol,0,0,0,Hyundai,2700000,Automatic,2WD,2017,15.0,1200.0,50000
tipper,white,Diesel,0,0,0,Tata,3800000,Manual,4WD,2019,40.0,5883.0,50000
Maruti Suzuki Zen for sale !,blue,Petrol,0,0,0,Maruti Suzuki,450000,Manual,2WD,2002,17.0,993.0,27000
Maruti Suzuki Brezza Zdi plus 2018,white,Diesel,0,1,0,Maruti Suzuki,3200000,Manual,2WD,2018,14.0,1400.0,43000
Suzuki Swift ZXI,blue,Petrol,0,1,0,Maruti Suzuki,2300000,Manual,2WD,2016,15.3,1248.0,30000
I20 Sportz Brand New Car for sale.,white,Petrol,0,0,0,Hyundai,3600000,Manual,2WD,2021,20.0,1200.0,16000
Taxi on sell,Unknown,Petrol,0,0,0,Maruti Suzuki,211000,Automatic,4WD,2015,15.0,1200.0,50000
Renault Duster RXZ+ AWD 2017 DCI for Sale,grey,Diesel,0,0,0,Renault,3400000,Automatic,4WD,2017,12.0,1500.0,45000
Tata nano,blue,Petrol,0,0,1,Sky blue,415000,Automatic,4WD,2014,17.0,624.0,32564
endeavor,white,Diesel,0,0,0,Ford,11000000,Automatic,4WD,2016,12.0,3200.0,62000
maruti swift,silver,Petrol,0,0,0,Maruti Suzuki,2650000,Manual,2WD,2020,19.0,1200.0,11000
Hyundai i10 Magna 2014,red,Petrol,0,0,0,Hyundai,1700000,Manual,2WD,2014,15.0,1200.0,39000
DATSUN GO 1.2 2016 FOR SALE,red,Petrol,0,0,0,Datsun,1325000,Manual,2WD,2016,12.0,1200.0,39000
sell,red,Diesel,0,0,0,Maruti Suzuki,3200000,Unknown,Unknown,2018,14.0,1200.0,66000
Creta Sx + petrol for sale,white,Petrol,0,1,0,Hyundai,3450000,Manual,2WD,2016,12.0,1600.0,41000
Hyundai i20 Active S 2019,white,Petrol,0,1,0,Single Handed,3200000,Manual,2WD,2019,15.0,1400.0,39000
urgent sell,green,Petrol,0,0,0,Tata,3600000,Automatic,2WD,2021,15.0,1200.0,36000
Suzuki Balena,Unknown,Petrol,0,0,0,2017,2400000,Manual,2WD,2017,15.0,1200.0,50000
Mitsubishi L200 - 4WD Pickup - Hilux Model,white,Diesel,0,0,0,Mitsubishi,2050000,Manual,4WD,2007,8.0,2500.0,79000
Hyundai Tucson 2009,Other,Diesel,0,1,0,Hyundai,2100000,Manual,4WD,2009,2025.0,1191.0,65000
Sell,grey,Diesel,0,0,0,Kia,2515000,Manual,4WD,2009,10.0,2000.0,71000
Mahindra KUV 100 K8,Other,Petrol,0,1,0,Mahindra,2250000,Automatic,2WD,2016,14.0,1198.0,35000
ford Figo titanium on sale,red,Petrol,0,0,0,Ford,1000000,Manual,2WD,2011,15.0,1200.0,80000
Hyundai Tucson ix35 4WD,orange,Diesel,0,1,0,Hyundai,3650000,Manual,4WD,2011,2025.0,1995.0,87000
Toyota Land Cruiser Prado Vx,silver,Diesel,0,0,0,Toyota,23500000,Automatic,4WD,2017,15.0,4461.0,85000
Ford Ranger Autogear 4wd 55 Lakh Bank Available,grey,Diesel,0,0,0,Ford,8800000,Automatic,4WD,2020,15.0,3200.0,17000
Volkswagen Tiguan Allspace for sale,Other,Petrol,0,0,1,Volkswagen,8700000,Automatic,4WD,2017,15.0,1984.0,50000
Fresh condition Toyota RAV4,red,Petrol,0,0,0,Toyota,3490000,Automatic,4WD,2010,15.0,2400.0,84000
Toyota RAV4 2013 Model,grey,Petrol,0,0,0,Toyota,6500000,Manual,4WD,2013,15.0,2500.0,50000
urgent sale 9841395832,Unknown,Diesel,0,0,0,Mahindra,750000,Manual,2WD,2015,15.0,2600.0,50000
Maruti Suzuki Swift Dzire Zxi 2015,silver,Petrol,0,0,0,Maruti Suzuki,2150000,Manual,4WD,2015,15.0,1197.0,40014
I10 sportz 1.2 for sale,Other,Petrol,0,0,1,Hyundai,1599999,Manual,2WD,2011,13.0,1200.0,52000
Kiger On Sell,blue,Petrol,0,1,0,Renault,2500000,Unknown,Unknown,2021,15.0,1000.0,18000
i10 Hyundai Magna - Silver,silver,Petrol,0,1,0,Hyundai,1500000,Manual,2WD,2010,2025.0,1200.0,58000
Single handed isuzu s-cab for sale,silver,Diesel,0,0,1,Other Brands,2975000,Manual,2WD,2018,13.0,2500.0,30000
Ford Figo exi for sale,silver,Petrol,0,0,1,Ford,1225000,Manual,2WD,2013,13.0,1200.0,4000
TOYOTA RAV4 FOR SALE,silver,Petrol,0,1,0,Toyota,3300000,Automatic,4WD,2015,15.0,2494.0,12000
"Toyota HILUX On Sale RS. 36,00,000",white,Diesel,0,1,0,Toyota,3600000,Manual,4WD,2010,15.0,2755.0,50000
Well Maintained Swift Dzire VXI 2012 for sell,silver,Petrol,0,0,0,Maruti Suzuki,1700000,Manual,2WD,2012,13.0,1200.0,63000
vehicle available for sale,red,Electric,0,0,0,Other Brands,1500000,Unknown,Unknown,2022,120.0,1200.0,3000
Tata bus 1512 euro 3 jodi bus sasto ma,blue,Diesel,0,0,0,Tata,500000,Manual,4WD,2016,5.0,10000.0,60000
KIA Sportage urgent sale,red,Diesel,0,0,1,Kia,1875000,Manual,4WD,2007,13.0,2000.0,68000
Hyundai Santafee,red,Diesel,0,0,0,Hyundai,8000000,Automatic,4WD,2012,15.0,2199.0,50000
tata Indica,white,Petrol,0,0,0,Tata,550000,Unknown,Unknown,2007,15.0,1200.0,77000
Baleno,grey,Petrol,0,1,0,Maruti Suzuki,2150000,Unknown,Unknown,2016,15.0,1200.0,57186
Tata sumo bikrima,black,Diesel,0,0,0,Tata,1500000,Manual,2WD,2016,15.0,2800.0,50000
tucson,blue,Diesel,0,0,0,Hyundai,1750000,Automatic,4WD,2006,12.0,1992.0,160000
Hyundai Santro GL plus 2011 Model,silver,Petrol,0,0,0,Hyundai,1400000,Manual,2WD,2011,15.0,1086.0,97000
chevtolet,grey,Petrol,0,1,0,Chevrolet,835000,Manual,2WD,2010,11.0,1400.0,70100
Single hand grand i10 magna 2018,red,Petrol,0,0,0,airbag,2250000,Manual,2WD,2018,15.0,1200.0,27000
Skoda fabia on sale,silver,Petrol,0,0,0,Skoda,1250000,Manual,2WD,2012,15.0,1200.0,68000
Volkswagen Polo 1.6 Highline,silver,Petrol,0,0,0,Volkswagen,2100000,Manual,2WD,2015,15.0,1600.0,49000
Mahindra scorpio pickup,Unknown,Diesel,0,0,0,Mahindra,2400000,Manual,4WD,2016,15.0,2200.0,50000
Super Fresh Condition 2007 Model Toyota Hilux,white,Diesel,0,1,0,Toyota,2695000,Manual,4WD,2007,10.0,2500.0,80000
Toyota Hilux,white,Diesel,0,1,0,Toyota,2695000,Manual,4WD,2007,10.0,2500.0,80000
Japanese Sirion on Sale,silver,Petrol,0,0,0,Daihatsu,930000,Manual,2WD,2007,15.0,1300.0,78000
Tata nexon xza + on sell,silver,Petrol,0,1,0,Tata,3700000,Automatic,4WD,2021,20.0,1200.0,5000
New Electric taxi booking open,white,Electric,0,0,0,Tata,4500000,Automatic,2WD,2023,15.0,1200.0,50000
jamma 1350000 maa 15 ko tata sumo,Other,Diesel,0,0,0,Tata,1400000,Automatic,2WD,2015,15.0,1200.0,80000
Wagonr 2017 model vxi Car sale,red,Petrol,0,1,0,Maruti Suzuki,1690000,Manual,2WD,2017,17.0,999.0,31000
Hyundai Kona EV 2021 with only 10000 Km,grey,Electric,0,0,0,Hyundai,5550000,Automatic,2WD,2021,15.0,1200.0,10000
KIA Sportage on Sale!!,red,Diesel,0,0,0,Kia,990000,Manual,4WD,2001,13.0,2200.0,143000
Hyundai i20 Magna 2013,brown,Petrol,0,0,1,Hyundai,1735000,Manual,2WD,2013,14.0,1197.0,44000
VOLKSWAGEN POLO GT TSI Autogear 2013,white,Petrol,0,0,0,Volkswagen,2450000,Automatic,2WD,2013,15.0,1200.0,35000
Single Handed Eeco 7 Seater 2018 For Sell,silver,Petrol,0,0,0,Unknown,1700000,Manual,2WD,2018,12.0,1200.0,41000
Toyata Rav4 Autogear 2008 Model On Sale Urgent,white,Petrol,0,0,0,Toyota,3800000,Automatic,4WD,2008,15.0,2362.0,91000
Triber Renualt 2021,Other,Petrol,0,0,0,Renault,2350000,Automatic,2WD,2021,16.0,999.0,14000
Fully fresh Hyundai grand i10 Magna,silver,Petrol,0,0,0,Hyundai,2225000,Manual,2WD,2016,15.0,1197.0,33000
car on sale,grey,Petrol,0,0,0,Hyundai,1100000,Unknown,Unknown,2008,15.0,1000.0,88000
TOYOTA AVANZA 7 Seater,Unknown,Petrol,0,0,0,Toyota,1750000,Manual,2WD,0,15.0,1200.0,50000
Mitsubishi pajero 5 door for sale,Unknown,Diesel,0,0,0,Mitsubishi,12800000,Automatic,4WD,2016,15.0,3200.0,50000
grand vitara,silver,Hybrid,0,0,0,Maruti Suzuki,7599000,Manual,4WD,2023,29.87,1490.0,315
Hyundai Creta,silver,Petrol,0,0,0,Hyundai,3585000,Manual,4WD,2015,15.0,1591.0,57000
Toyota Hilux,silver,Diesel,0,0,0,Toyota,7800000,Manual,4WD,2018,15.0,2755.0,40000
Toyota Hilux,silver,Diesel,0,0,0,Toyota,7800000,Manual,4WD,2018,15.0,2755.0,40000
tata winger school van,yellow,Diesel,0,0,0,Tata,1000000,Manual,2WD,2010,8.0,1900.0,82000
Toyota hilux,silver,Diesel,0,0,0,Toyota,7800000,Manual,4WD,2018,15.0,2755.0,40000
Hyundai Creta,silver,Petrol,0,0,0,Hyundai,3590000,Automatic,2WD,2015,15.0,1591.0,57000
Hyundai Creta,silver,Petrol,0,0,0,Hyundai,3585000,Manual,2WD,2015,15.0,1591.0,57000
2017 Hyundai Eon Era Plus,silver,Petrol,0,0,0,Hyundai,1350000,Manual,2WD,2017,15.0,814.0,33000
Renault Kiger RXL MT Auto Gear,Other,Petrol,0,0,0,Renault,2785000,Automatic,2WD,2021,15.0,999.0,7000
SONET,Other,Petrol,0,0,0,KIA,3200000,Manual,2WD,2021,15.0,1200.0,11000
"comapany color, fully loaded, freshcreta sx plus",silver,Petrol,0,1,0,Hyundai,3650000,Manual,2WD,2016,12.0,1600.0,39243
Hyundai Creta E Premium Loaded - Petrol,Unknown,Petrol,0,0,0,Hyundai,5456000,Manual,2WD,2023,15.0,1200.0,50000
Loan 15 lakh - 17 lakh cash buy this auto captiva,Unknown,Diesel,0,0,0,Chevrolet,1700000,Automatic,4WD,2013,15.0,1200.0,50000
Grand i10 Magna 2014,grey,Petrol,0,0,0,Hyundai,1875000,Manual,4WD,2014,15.0,1197.0,42000
polo 1.6 high-Line 2016,orange,Petrol,0,0,0,Volkswagen,2450000,Manual,2WD,2016,15.0,1600.0,49000
Tata nexon xm s,white,Petrol,0,0,0,Tata,3650000,Manual,2WD,2021,15.0,1200.0,17000
Hyundai getz,blue,Petrol,0,0,0,Hyundai,925000,Manual,2WD,2008,15.0,1400.0,67000
nissan super saloon 2005 model on sale,silver,Petrol,0,0,0,Nissan,1100000,Unknown,Unknown,2005,15.0,1600.0,100500
Excellent 9817874410,red,Diesel,0,0,1,Tata,1650000,Automatic,2WD,2014,14.0,2956.0,125000
Single hand 2018 model Isuzu S-Cab sales & Exchang,Unknown,Diesel,0,0,0,Other Brands,3050000,Manual,2WD,2018,15.0,2499.0,50000
Toyota echo,grey,Petrol,0,0,0,Toyota,950000,Unknown,Unknown,2003,15.0,1300.0,140000
Ecosport 2013 trend model,white,Diesel,0,0,0,Ford,1775000,Manual,2WD,2013,15.0,1200.0,54500
scorpio m2 di crd,black,Diesel,0,0,0,Mahindra,1185000,Automatic,2WD,2006,16.0,2523.0,50000
Maruti suzuki s cross,grey,Diesel,0,0,0,Maruti Suzuki,2500000,Manual,2WD,2016,16.0,1200.0,50000
winger 14 seter 2018 ko fresh xa,silver,Diesel,0,0,0,Tata,1800000,Manual,2WD,2018,12.0,1900.0,50000
Swift Zxi 2006 Single Hand,silver,Petrol,0,0,1,Maruti Suzuki,1390000,Manual,2WD,2006,14.0,1200.0,55000
Tata intra V20 on sale,blue,Diesel,0,0,1,Tata,1450000,Manual,2WD,2020,12.0,1396.0,28000
Toyota Corolla lx new shape with double airbag,Other,Petrol,0,0,0,Toyota,1725000,Manual,2WD,2007,15.0,1600.0,47000
Tata Tigor,red,Petrol,0,0,0,Tata,2400000,Automatic,2WD,2020,15.0,1200.0,50000
Tata Tipper,blue,Diesel,0,0,0,Tata,1800000,Automatic,2WD,2017,15.0,1200.0,79000
fresh rio hatchback on sell with sunroof,orange,Petrol,0,0,0,Kia,820000,Manual,2WD,2006,17.0,1400.0,65000
Mahindra bolero,white,Diesel,0,0,0,Mahindra,750000,Automatic,2WD,2013,15.0,2523.0,50000
i20 active s,Unknown,Petrol,0,0,0,Hyundai,2650000,Manual,2WD,2015,15.0,1200.0,50000
Hiace for sale,white,Diesel,0,0,0,Toyota,3800000,Manual,2WD,2015,15.0,2800.0,50000
Family car on sale - Perodua viva,silver,Petrol,0,0,0,Perodua,765000,Manual,2WD,2008,15.0,850.0,36000
Suzuki vittara 3 door,white,Petrol,0,0,0,Maruti Suzuki,875000,Manual,4WD,1992,15.0,1600.0,100000
Bolero Maxx on Sell.,white,Diesel,0,0,0,Mahindra,1400000,Unknown,Unknown,2018,15.0,1200.0,34000
well maintained fully fresh engine i20 on sale,silver,Petrol,0,1,0,Hyundai,1250000,Manual,2WD,2010,16.0,1200.0,48000
KIA Sorento,silver,Diesel,0,0,0,Kia,5500000,Automatic,4WD,2009,15.0,1200.0,55000
Hyundai Creta 2017,Other,Petrol,0,0,0,Hyundai,3390000,Manual,2WD,2017,15.0,1598.0,41000
Omni cargo 2016 model,Unknown,Petrol,0,0,0,Maruti Suzuki,550000,Manual,4WD,2016,15.0,800.0,50000
Honda CR-V 2018,white,Petrol,0,0,0,Honda,10700000,Automatic,4WD,2018,15.0,1500.0,8300
Fresh Maruti Car On Sales,silver,Petrol,0,0,0,Maruti Suzuki,550000,Manual,2WD,2006,15.0,800.0,81155
wagan R 2008 vxi,marron,Petrol,0,0,1,Maruti Suzuki,835000,Manual,2WD,2008,16.0,1087.0,55000
Terios,red,Petrol,0,1,0,Daihatsu,1500000,Unknown,Unknown,1999,10.0,1300.0,50000
Full fresh condition zyotee mini JEEP on sale,black,Petrol,0,0,1,Other Brands,995000,Manual,2WD,2010,14.0,1300.0,48000
Vw poli 1.6 single hand,black,Petrol,0,0,0,Volkswagen,1650000,Manual,2WD,2011,13.0,1600.0,47000
Suzuki Swift Dzire 2010 Vxi,white,Petrol,0,0,0,Maruti Suzuki,1399999,Automatic,2WD,2010,16.0,1200.0,61000
Skoda Rapid 2021 with 15 lakh Finance,white,Petrol,0,0,0,Skoda,3000000,Manual,2WD,2021,15.0,1000.0,21000
Hyundai I10,red,Petrol,0,0,0,2014 Model,1700000,Manual,2WD,2014,16.5,1049.0,41848
2010 maruti suzuki ritz fully loaded,silver,Petrol,0,0,0,Maruti Suzuki,1099000,Manual,2WD,2010,14.0,1200.0,50000
Skoda Rapid 2013,silver,Diesel,0,1,0,Skoda,1625000,Manual,2WD,2013,22.0,1200.0,73000
Tata Tiago On Sale,Other,Petrol,0,0,1,Tata,1980000,Manual,2WD,2019,15.0,1200.0,20000
Kia sportage lxi petrol,silver,Petrol,0,0,0,Kia,4850000,Manual,2WD,2018,2025.0,2000.0,52000
all new Ford Fiesta titanium,grey,Diesel,0,1,0,Ford,1500000,Manual,2WD,2013,18.0,1500.0,96000
Mahindra Bolero 2009 model for sale,white,Diesel,0,0,0,Mahindra,890000,Manual,2WD,2009,15.0,2523.0,50000
Ford Eco sport,white,Petrol,0,1,0,2015,2150000,Manual,2WD,2015,15.0,1500.0,70000
407 Tata Mini Trac Sell,Other,Diesel,0,0,1,Tata,925000,Unknown,Unknown,2017,10.0,1200.0,40000
2010 Model New Shape I10 Magna 1.2 On Sale,grey,Petrol,0,0,1,Hyundai,1475000,Manual,2WD,2010,14.0,1200.0,61000
Hyundai Getz 2009 Model Full Option,Unknown,Petrol,0,0,0,Hyundai,920000,Manual,2WD,2009,15.0,1350.0,72000
Excellent Condition Suzuki Eeco van 2012 on Sale,grey,Petrol,0,0,0,Maruti Suzuki,1225000,Manual,2WD,2012,12.0,1200.0,48000
Excellent Condition Suzuki Swift Zxi 2008 on sale,Other,Petrol,0,0,0,Maruti Suzuki,1399999,Manual,2WD,2008,2025.0,1300.0,66000
Hyundai i10,silver,Petrol,0,0,1,Hyundai,2400000,Manual,2WD,2020,2025.0,1200.0,26500
Tata sumo ex gold,Other,Diesel,0,0,0,Tata,1175000,Unknown,Unknown,2013,15.0,2956.0,93000
Suzuki Swift Dzire VXI 2009,silver,Petrol,0,0,0,Maruti Suzuki,1190000,Manual,2WD,2009,15.0,1200.0,60000
Very Fresh Car for Sale,white,Diesel,0,0,1,2016,1975000,Manual,2WD,2016,16.0,1200.0,60000
Rav4,grey,Petrol,0,0,0,Toyota,6500000,Manual,2WD,2013,15.0,2500.0,55000
Hyundai Matrix with Sunroof,Unknown,Petrol,0,0,0,Hyundai,650000,Manual,2WD,2003,15.0,1200.0,50000
Toyota avanza 2006 for sales,silver,Petrol,0,0,0,Toyota,1800000,Automatic,2WD,2006,11.0,1300.0,8500
Ford Freestyle Titanium On Sale,white,Petrol,0,0,0,Ford,2495000,Automatic,2WD,2018,15.0,1200.0,28800
Jyoti For Sale,red,Petrol,0,0,0,Other Brands,1050000,Manual,2WD,2011,12.0,1500.0,76000
Lxi Alto,white,Petrol,0,0,0,Maruti Suzuki,1350000,Manual,2WD,2016,16.0,800.0,56000
Scorpio S5+ 2020 Model,white,Diesel,0,0,0,Mahindra,4200000,Manual,4WD,2020,15.0,1200.0,50000
vitara brezza zdi+,white,Diesel,0,0,0,Maruti Suzuki,3025000,Manual,2WD,2017,17.0,1250.0,50000
Suzuki swift zxi 2014,silver,Petrol,0,0,0,Maruti Suzuki,2000000,Manual,2WD,2014,14.0,1500.0,50000
Scorpio S4 Plus 2017 model,blue,Diesel,0,0,0,Mahindra,3600000,Manual,4WD,2017,15.0,1200.0,50000
Mahindra tipper,blue,Diesel,0,1,0,Mahindra,1800000,Automatic,2WD,2018,15.0,2609.0,23000
FORD ECO SPORTS IN IMMACULATE CONDITION,grey,Petrol,0,0,0,Ford,2350000,Unknown,Unknown,2018,15.0,1500.0,35500
"Swift Dzire vxi ,2008 model, petrol,9851016822",grey,Petrol,0,0,0,Maruti Suzuki,1250000,Manual,2WD,2008,15.0,1300.0,66235
"Nios grand i10 magna,2021 model, petrol,9851016822",Other,Petrol,0,0,0,Hyundai,2775000,Manual,2WD,2021,15.0,1200.0,12000
Singelhand 2018 breeza zdi+ with finance,blue,Diesel,0,0,1,Maruti Suzuki,3350000,Manual,2WD,2018,18.0,1300.0,32000
"Grand i10 magna ,2017 model,9851016822,Finance hnx",red,Petrol,0,0,0,Hyundai,2225000,Manual,2WD,2017,15.0,1200.0,33256
"full option Swift zxi ,2014 model,9851016822",silver,Petrol,0,0,0,Maruti Suzuki,2075000,Manual,2WD,2014,15.0,1200.0,42136
"Swift zxi with push button,2017 model, petrol,",silver,Petrol,0,0,0,Maruti Suzuki,2550000,Manual,2WD,2017,15.0,1200.0,39523
"Eeco van 7 seater with airbag Petrol,2020 model,",silver,Petrol,0,0,0,Maruti Suzuki,1850000,Manual,2WD,2020,15.0,1200.0,23000
"Hyundai Grand I10, 2018 Model, Only 17000km Silver",silver,Petrol,0,1,0,Hyundai,2350000,Manual,2WD,2018,15.0,1200.0,17000
2020 Wagon r new 1200cc facelift with 75% finance,grey,Petrol,0,0,1,Maruti Suzuki,2190000,Manual,2WD,2019,18.0,1200.0,17300
Suzuki Alto Lxi 2018 Model,silver,Petrol,0,0,0,Maruti Suzuki,1399000,Unknown,Unknown,2018,15.0,800.0,42000
Hilux Tiger 2002 model,green,Diesel,0,0,0,Toyota,1625000,Manual,4WD,2002,2025.0,3000.0,150000
Maruti Suzuki Wagon R VXI 2013 last model,white,Petrol,0,0,1,Maruti Suzuki,1405000,Manual,2WD,2013,21.0,998.0,46160
Hyundai Verna SX 1.6,blue,Petrol,0,1,0,Hyundai,1950000,Manual,2WD,2012,12.0,1600.0,71000
Maruti Suzuki Ciaz ZXI | 2015 |45000km,silver,Petrol,0,1,0,Maruti Suzuki,2500000,Manual,2WD,2015,17.0,1400.0,45000
nexon xz+ petrol 2020 single ownership,Unknown,Petrol,0,0,0,Tata,3250000,Manual,2WD,2020,15.0,1200.0,35000
Toyota Rav 4 Auto Gear 9741819070,white,Petrol,0,0,0,Toyota,1245000,Automatic,4WD,1998,15.0,1997.0,50000
Tata nissan CRX,Unknown,Diesel,0,0,0,Mahindra,750000,Manual,2WD,2009,15.0,1200.0,50000
Tata zest xt 2016 model for sale,white,Petrol,0,0,0,Tata,1850000,Manual,2WD,2016,15.0,1200.0,39000
"Perodua myvi 2009 model, excellent condition",silver,Petrol,0,0,0,Perodua,770000,Automatic,2WD,2009,12.0,1300.0,75000
2018 model Mahindra Electric car E2O plus P6,silver,Electric,0,0,0,Mahindra,1975000,Automatic,2WD,2018,15.0,1200.0,50000
Nissan Navara,white,Diesel,0,0,0,Nissan,1200000,Manual,4WD,2005,15.0,1200.0,50000
2015 Model Daihatsu Terios 4 wd drive 9847699255,grey,Petrol,0,0,0,Daihatsu,4450000,Manual,4WD,2015,15.0,1500.0,43000
maruti suzuki wagner,grey,Petrol,0,0,0,Maruti Suzuki,1550000,Manual,2WD,2014,20.0,1000.0,50000
Tata Yodha on sale,white,Diesel,0,0,0,Tata,1300000,Automatic,2WD,2018,15.0,1200.0,46000
Swift zxi 2016,silver,Petrol,0,0,0,Maruti Suzuki,2375000,Manual,2WD,2016,15.0,1200.0,38000
Grand i10 Asta 2016,silver,Petrol,0,0,0,Hyundai,2375000,Manual,2WD,2016,14.0,1200.0,52000
Toyota Corolla Lx Fully Loaded Double Airbags,Other,Petrol,0,0,0,Toyota,1750000,Manual,2WD,2007,15.0,1600.0,47000
Maruti Delivery Van,white,Petrol,0,0,0,Maruti Suzuki,505000,Manual,2WD,2015,15.0,800.0,52500
Maruti suzuki Celerio Vxi Auto 2014 model for sale,blue,Petrol,0,0,0,Maruti Suzuki,1800000,Automatic,2WD,2014,15.0,1000.0,47000
Ford Figo Single Woner No Dent Super Fresh Car,red,Petrol,0,0,0,Ford,1650000,Manual,2WD,2017,15.0,1200.0,43000
Toyota Avanza 7 seater for sale 2013 model,silver,Petrol,0,0,0,Toyota,2150000,Manual,2WD,2013,15.0,1300.0,53000
Mahindra Bolero DC 2017 pickup for sale,white,Diesel,0,0,0,Mahindra,1950000,Manual,4WD,2017,15.0,2523.0,38000
Hyundai i20 sports 2010 model for sale,red,Petrol,0,0,0,Hyundai,1550000,Manual,2WD,2010,12.0,1200.0,73747
Maruti suzuki eco van for sale 2016 model,silver,Petrol,0,0,0,Maruti Suzuki,1450000,Manual,2WD,2016,15.0,1200.0,54590
Grand i 10 Astha 14 modrl,grey,Petrol,0,0,0,Hyundai,1950000,Manual,2WD,2014,15.0,1200.0,63000
sentro Xing,white,Petrol,0,0,0,Hyundai,1150000,Unknown,Unknown,2009,15.0,1086.0,60000
Ford Figo On Sale,black,Petrol,0,0,0,Ford,999999,Manual,2WD,2011,13.0,1199.0,53000
suzuki brezza,red,Petrol,0,0,1,Maruti Suzuki,4100000,Manual,2WD,2021,15.0,1500.0,24500
4w Suv On Sale In Very Very Barand New Condition,white,Diesel,0,0,0,Mahindra,2399999,Manual,4WD,2020,14.0,1200.0,49000
Honda civic,grey,Petrol,0,0,0,Honda,1575000,Manual,2WD,2007,10.0,1600.0,60000
Car for sale,blue,Petrol,0,1,0,Hyundai,1000000,Manual,2WD,2012,17.0,814.0,47000
Suzuki swift VXI,Unknown,Petrol,0,0,0,Maruti Suzuki,1450000,Manual,2WD,2010,15.0,1200.0,50000
terios on sale,Unknown,Petrol,0,0,0,Daihatsu,2550000,Manual,4WD,2007,15.0,1500.0,53000
Hatti gadi Mahindra maximo plus color white,white,Diesel,0,0,0,Mahindra,450000,Unknown,Unknown,2013,15.0,901.0,16057
Toyota aca33r 2008 For Sell,black,Diesel,0,0,0,Toyota,5000000,Manual,4WD,2008,15.0,2362.0,50000
Datsun Go Sale Second Hand,grey,Petrol,0,0,0,Datsun,1325000,Unknown,Unknown,2015,15.0,1200.0,50000
Hyundai I 10 asta for sale,grey,Petrol,0,0,0,Hyundai,2000000,Manual,2WD,2014,25.0,1200.0,62000
Eeco Van 2018 Model,white,Petrol,0,0,0,Maruti Suzuki,1525000,Manual,2WD,2018,15.0,1200.0,63000
Chevrolet yuva,golden,Petrol,0,0,1,Chevrolet,680000,Unknown,Unknown,2008,10.0,1200.0,72000
Hyundai Creta SX,grey,Petrol,0,0,1,Facelift,4450000,Manual,2WD,2019,12.0,1598.0,37000
Suzuki maruti 800,blue,Petrol,0,0,0,Maruti Suzuki,600000,Manual,2WD,2006,18.0,800.0,50000
Kia Soprtage GT line 2021,white,Petrol,0,0,0,Kia,9000000,Automatic,2WD,2021,2025.0,2000.0,30000
Santro xing,red,Petrol,0,0,0,Hyundai,1170000,Manual,2WD,2009,15.0,1100.0,50000
Car On Sale,white,Petrol,0,0,0,Tata,900000,Manual,2WD,2015,15.0,1200.0,50000
urgent sale,silver,Petrol,0,1,0,Tata,1400000,Manual,2WD,2010,12.0,2200.0,57200
Tata Mobile Transportation jeep,blue,Diesel,0,0,0,Tata,250000,Manual,2WD,2014,15.0,1200.0,50000
Hyundai santro for sell,blue,Petrol,0,1,0,Hyundai,1150000,Manual,2WD,2008,20.0,1200.0,11111
Maruti Suzuki Alto for sale,silver,Petrol,0,1,0,Maruti Suzuki,630000,Automatic,2WD,2000,18.0,800.0,4950
Toyota | Fortuner | 2010 | 4WD | SUV,black,Petrol,0,1,0,Toyota,5750000,Manual,2WD,2010,10.0,3000.0,105000
Tata nano with ac,white,Petrol,0,0,1,Tata,390000,Manual,2WD,2012,23.0,624.0,35000
SUPER FRESH CONDITION ZYOTEE MINI JEEP ON SALE,white,Petrol,0,0,1,Other Brands,875000,Manual,2WD,2009,14.0,1300.0,52000
Scoripio,blue,Diesel,0,0,0,Mahindra,3675000,Manual,4WD,2017,15.0,2200.0,65000
2009 ko kia spotes tu sell,Other,Petrol,0,0,0,Kia,1600000,Automatic,2WD,2009,10.0,1900.0,76000
2010 ZOTYE 1.3 SINGLE HAND,black,Petrol,0,0,0,Other Brands,1025000,Manual,2WD,2010,13.0,1300.0,55000
Isuzu scab 2021 exchange or sell,Unknown,Diesel,0,0,0,Other Brands,3550000,Manual,2WD,2021,15.0,2500.0,50000
Mahindra maximo HD series 2020 model,silver,Diesel,0,0,0,Mahindra,1000000,Manual,2WD,202,15.0,909.0,38000
712 mina bus sale and exchange car bike bullet,white,Diesel,0,0,0,Tata,1850000,Manual,2WD,2015,8.0,4000.0,105000
50% à¤«à¤¾à¤ˆà¤¨à¥à¤¨à¤¸ à¤¸à¥à¤¬à¤¿à¤§à¤¾ à¤­à¤à¤•à¥‹ ciaz car à¤¬à¤¿à¤•à¥à¤°à¥€à¤®à¤¾,white,Petrol,0,1,0,Maruti Suzuki,2200000,Manual,2WD,2015,17.0,1387.0,44500
Hyundai Creta,silver,Petrol,0,0,0,Hyundai,5500000,Manual,2WD,2018,15.0,1600.0,30000
MG Hector Shine,black,Petrol,0,0,0,Other Brands,4800000,Manual,2WD,2021,15.0,1200.0,7700
Ford ecoport Trend model,brown,Petrol,0,0,0,Ford,2500000,Manual,2WD,2016,15.0,1500.0,45000
Car for sales,Unknown,Petrol,0,0,0,Maruti Suzuki,715000,Manual,4WD,2009,15.0,800.0,80000
Honda city 2015,silver,Petrol,0,0,0,Honda,2320000,Manual,2WD,2015,15.0,1490.0,30100
Cevrolet Spark 2009 Model Full Loded,golden,Petrol,0,0,0,Chevrolet,900000,Automatic,2WD,2009,14.0,1000.0,85000
Santro Xing For Sale,Other,Petrol,0,0,0,Hyundai,975000,Automatic,2WD,2005,15.0,1100.0,82000
toyota fortuner,white,Diesel,0,0,0,Toyota,9700000,Manual,4WD,2015,12.0,3000.0,45000
Full Option Santro Xing Urgent Sale,grey,Petrol,0,0,0,Hyundai,875000,Manual,2WD,2004,15.0,1068.0,50000
Hyundai i10 sportz for sale,Other,Petrol,0,1,0,Hyundai,1450000,Automatic,2WD,2009,15.0,1200.0,80000
creta sx sale.showroom condition,Other,Petrol,0,0,0,Hyundai,5700000,Manual,2WD,2021,12.0,1500.0,14000
Ford Figo,black,Petrol,0,0,0,Ford,1075000,Manual,2WD,2011,15.0,1200.0,60000
2010 model,Unknown,Petrol,0,0,0,Maruti Suzuki,775000,Manual,2WD,2010,15.0,1200.0,50000
Volkswagen Polo 2018,brown,Petrol,0,0,0,Volkswagen,2450000,Manual,2WD,2018,15.0,998.0,27969
CAR ON SALE,Unknown,Petrol,0,1,0,Maruti Suzuki,1250000,Manual,2WD,2009,15.0,1200.0,50000
Kia Rio,black,Petrol,0,0,0,Kia,540000,Automatic,2WD,2004,14.0,1400.0,60000
Maruti Suzuki Swift Zxi 2014,grey,Petrol,0,0,0,Maruti Suzuki,2025000,Manual,2WD,2014,15.0,1197.0,47582
MAHINDRA BOLERO PICKUP 4 WHEEL,Other,Petrol,0,0,0,Mahindra,1150000,Manual,4WD,2016,15.0,2500.0,46230
MARUTI SUZUKI ALTO ALTO CAR 800,silver,Petrol,0,0,0,Maruti Suzuki,600000,Manual,2WD,2004,15.0,800.0,63586
HYUNDAI SANTRO XING SEMI OPTION CAR,silver,Petrol,0,0,0,Hyundai,1725000,Manual,2WD,2014,15.0,1086.0,52490
ALTO K10 SEMI OPTION CAR,Other,Petrol,0,0,0,Hyundai,590000,Manual,2WD,2002,15.0,1061.0,62570
Hyundai | Venue S | 2019 | CUV,red,Petrol,0,0,0,Hyundai,3050000,Manual,2WD,2019,12.0,1200.0,40000
Maruti Suzuki Swift Zxi On Sale..,silver,Petrol,0,0,1,Maruti Suzuki,1897000,Manual,2WD,2014,15.0,1197.0,74000
Creta sx,silver,Petrol,0,0,0,o,5100000,Manual,2WD,2019,15.0,1600.0,20000
Renault Duster RXZ+ 2016,silver,Diesel,0,1,0,Renault,2475000,Manual,2WD,2016,17.0,1500.0,75000
dzire vxi 2014,white,Petrol,0,1,0,Maruti Suzuki,1700000,Automatic,2WD,2014,14.0,1200.0,65300
Hyundai i10 Magna 1.2 2013 For Sale,silver,Petrol,0,0,1,Hyundai,1700000,Manual,2WD,2013,13.0,1200.0,50000
Tata nano car,Other,Petrol,0,0,1,Tata,350000,Manual,4WD,2011,27.0,624.0,71000
Brand new japanese vitara 4WdðŸ˜ðŸ˜ðŸ˜,Other,Hybrid,0,0,0,Maruti Suzuki,8950000,Automatic,4WD,2021,27.97,1586.0,1000
maruti suzuki celerio vxi 2014 auto gear,Other,Petrol,0,0,1,Maruti Suzuki,1800000,Automatic,2WD,2014,15.0,998.0,47000
Tata sumo gold urgent on the,Unknown,Diesel,0,0,0,Tata,1200000,Unknown,Unknown,2009,15.0,1200.0,50000
2019 airbag with abs breck sell,Unknown,Petrol,0,0,0,Maruti Suzuki,2725000,Manual,2WD,2019,15.0,1200.0,50000
WagonR 2018 full fresh on sale,grey,Petrol,0,0,0,Maruti Suzuki,1850000,Manual,2WD,2018,17.0,1000.0,65000
i20 sportz 2013,blue,Petrol,0,0,0,Hyundai,1750000,Manual,2WD,2013,13.0,1500.0,50000
Bolero Maxitruck,brown,Diesel,0,0,0,Mahindra,1200000,Manual,2WD,2017,15.0,2523.0,100000
SUZUKI ALTO,grey,Petrol,0,0,1,Maruti Suzuki,1575000,Manual,2WD,2018,15.0,800.0,46333
Enjoy the best rates.Car on sale!,black,Petrol,0,0,1,Other Brands,350000,Automatic,2WD,2004,10.0,1600.0,90819
Hyundai I20 Active S 2018,silver,Petrol,0,1,0,Full Option,3075000,Manual,2WD,2018,15.0,1197.0,32000
Hyundai Santro full option car 2007 model for sale,silver,Petrol,0,0,0,Hyundai,11500000,Manual,2WD,2007,15.0,1100.0,73000
Volkswagen polo 1.6 highline 2014 for sale,red,Petrol,0,0,0,Volkswagen,2150000,Manual,2WD,2014,15.0,1600.0,42000
Honda Amaze smt 2015 model car for sale,blue,Petrol,0,0,0,Honda,18500000,Manual,2WD,2015,15.0,1200.0,45000
Hyundai accent,silver,Petrol,0,0,1,Hyundai,775000,Manual,2WD,2003,15.0,1500.0,102500
Skoda rapid,silver,Diesel,0,0,0,Skoda,1650000,Manual,2WD,13,15.0,1200.0,50000
Hyundai Creta E+ 2019 model for sale,white,Petrol,0,0,0,Hyundai,4000000,Manual,2WD,2019,15.0,1600.0,20000
Toyota Corolla LX 2007 single hand,blue,Petrol,0,0,0,Toyota,1575000,Manual,2WD,2007,15.0,1497.0,65000
Hyundai Tucson 2009 ko bikima akdam milauara dinxu,silver,Diesel,0,0,0,Hyundai,1999999,Automatic,4WD,2009,12.0,1990.0,70000
ALTO 2009 for sale,red,Petrol,0,0,0,Maruti Suzuki,870000,Manual,2WD,2009,16.0,800.0,57000
Suzuki | Dzire VXi | 2018 | Sedan,silver,Petrol,0,1,0,Maruti Suzuki,2450000,Manual,2WD,2018,12.0,1200.0,44000
Creta 2017 On sale,white,Petrol,0,0,0,Hyundai,3750000,Automatic,4WD,2017,20.0,1200.0,65000
Maruti Suzuki Celerio VXi,red,Petrol,0,1,0,Maruti Suzuki,1585000,Manual,2WD,2014,15.0,1200.0,26000
Nissan Micra XV 2015,blue,Petrol,0,0,0,Nissan,1450000,Manual,2WD,2015,15.0,1200.0,36000
Suzuki swift 2017 ZXI on sale.,grey,Petrol,0,1,0,Maruti Suzuki,2400000,Manual,2WD,2017,16.0,1197.0,26000
i20 Active S 2018,marron,Petrol,0,0,0,Hyundai,3075000,Manual,2WD,2018,14.0,1200.0,37000
Nissan Terrano 2018 Brand New,silver,Petrol,0,0,0,Nissan,3750000,Manual,2WD,2018,15.0,1200.0,5000
Hyundai getz 2008model,blue,Petrol,0,0,0,Hyundai,950000,Manual,2WD,2008,15.0,1400.0,81000
Swift Dzire Vxi,silver,Petrol,0,0,0,Maruti Suzuki,1600000,Manual,2WD,2011,18.0,1200.0,50000
i 10 sports 2010 sale 9813994422 fulopson.1.2fresh,blue,Petrol,0,0,0,Hyundai,1435000,Manual,2WD,2010,18.0,1200.0,55700
Breeza zdi 2016 sell or exchange with pickups,white,Diesel,0,1,0,Maruti Suzuki,3050000,Manual,2WD,2016,16.0,1250.0,55000
santro,blue,Petrol,0,0,0,Hyundai,850000,Manual,2WD,2004,15.0,1200.0,50000
Kia Soul EV 2017 on sale,white,Electric,0,0,1,Kia,3990000,Automatic,2WD,2017,9.0,1200.0,42000
santro,red,Petrol,0,0,0,Hyundai,950000,Manual,2WD,2005,15.0,1200.0,50000
Grand I10 Nios Magna 2021 Model On Sale,silver,Petrol,0,0,0,Hyundai,2950000,Manual,2WD,2021,17.0,1197.0,19000
Sell,silver,Petrol,0,1,0,Hyundai,2650000,Manual,2WD,2016,15.0,1200.0,38000
2008 Model loadking super nissan on sale,blue,Diesel,0,0,0,Mahindra,600000,Manual,2WD,2008,15.0,2600.0,50000
Excellent 2012 cheverolet uva 1.2 with airbags abs,silver,Petrol,0,0,1,Chevrolet,1025000,Manual,2WD,2012,14.0,1200.0,43000
tata super ace good condition n looks good,white,Diesel,0,0,0,Tata,800000,Automatic,2WD,2012,15.0,1399.0,70000
Hyundai Creta,white,Petrol,0,0,0,Hyundai,5600000,Manual,2WD,2021,15.0,1500.0,19000
Like brand new car on sale,silver,Petrol,0,0,0,Nissan,4260000,Manual,2WD,2023,20.0,1000.0,3000
FORD FIGO TITANIUM 2013 WELL IN CONDITION FUE RUN,Other,Petrol,0,0,0,Ford,1275000,Manual,2WD,2013,15.0,1196.0,21000
Maruti suzuki Alto Car 800 LXI 2014 model on sell.,silver,Petrol,0,0,0,Maruti Suzuki,1000000,Manual,2WD,2014,23.0,796.0,149000
Sumo 2018,Unknown,Diesel,0,1,0,Tata,1600000,Manual,2WD,2018,15.0,3000.0,50000
KIA Sportage AWD in mint condition for urgent sale,white,Petrol,0,0,0,Kia,3050000,Manual,4WD,2011,14.0,1998.0,58010
i10 ERA-Urgent Sell,red,Petrol,0,0,1,Hyundai,1250000,Manual,2WD,2009,12.0,1098.0,65000
Hyundai Tucson 2009 Model On Sell,Unknown,Petrol,0,0,0,Hyundai,2075000,Automatic,2WD,2009,15.0,1200.0,50000
For sale 2017 model ecosport ambient petrol,white,Petrol,0,0,0,Ford,1850000,Manual,2WD,2017,15.0,1500.0,43000
Tata Truck -- White & Black color,Unknown,Diesel,0,0,0,Tata,1900000,Unknown,Unknown,2017,15.0,1200.0,100000
Mahindra Bolero Single Cab Pickup 1.5 TPS 2018,white,Diesel,0,0,0,Mahindra,1575000,Manual,2WD,2018,15.0,2523.0,29594
Datsun Redigo,silver,Petrol,0,0,0,Datsun,1350000,Manual,2WD,2018,17.0,1000.0,42000
Suzuki | Baleno Delta | 2017 | Hatchback,grey,Petrol,0,1,0,Hyundai,2025000,Manual,2WD,2017,12.0,1200.0,55000
Suzuki | Wagon R VXi | 2021 | Hatchback,grey,Petrol,0,1,0,Maruti Suzuki,2350000,Manual,2WD,2021,14.0,1200.0,13000
HYUNDAI CRETA SX+ 2016 FULLY LOADED VEHICLE,white,Petrol,0,0,0,Hyundai,3375000,Manual,2WD,2016,15.0,1591.0,42097
Scorpio Pickup s10 2019 with Finance,silver,Diesel,0,0,0,Mahindra,3500000,Automatic,4WD,2019,15.0,1200.0,50000
Made in Japan and Malaysia assembled car on sale,white,Petrol,0,0,0,Perodua,875000,Manual,2WD,2008,18.0,1000.0,70000
Celerio VXI 2017,grey,Petrol,0,0,0,Maruti Suzuki,1950000,Unknown,Unknown,2017,18.0,998.0,41461
Kia van,black,Diesel,0,0,1,Kia,1000000,Automatic,2WD,2001,8.0,2000.0,80000
Kia van,black,Diesel,0,0,0,Kia,400000,Automatic,2WD,2001,8.0,2000.0,80000
Suzuki Dzire Zxi +,silver,Petrol,0,1,0,Maruti Suzuki,2700000,Manual,2WD,2017,16.0,1200.0,51000
Suzuki | Swift ZXi | 2018 | Hatchback,grey,Petrol,0,1,0,Maruti Suzuki,2600000,Manual,2WD,2018,12.0,1200.0,35000
Nissan Navara SL 2019 model with Canopy,white,Diesel,0,0,0,Nissan,6000000,Manual,4WD,2019,15.0,2500.0,50000
Baleno Delta 2017,Unknown,Petrol,0,0,0,Maruti Suzuki,2250000,Manual,2WD,2017,15.0,1200.0,32000
Toyota LX,silver,Petrol,0,0,0,Toyota,1780000,Automatic,2WD,2017,15.0,1497.0,80700
Maruti Suzuki zxi,red,Petrol,0,0,0,Maruti Suzuki,1990000,Automatic,2WD,2013,15.0,1197.0,71500
Kia Sonet HTE,white,Petrol,0,0,0,Kia,3790000,Manual,4WD,2023,15.0,1200.0,50000
Maruti Suzuki Swift Dzire Vxi - silky silver,silver,Petrol,0,0,0,Maruti Suzuki,2700000,Manual,2WD,2019,15.0,1197.0,27000
Santro xing 2007,black,Petrol,0,0,0,Hyundai,1075000,Automatic,2WD,2007,14.0,1086.0,57000
TATA Super Ace,white,Diesel,0,0,1,Tata,550000,Manual,2WD,2013,15.0,1400.0,50000
single hand honda city,golden,Petrol,0,0,1,Honda,1300000,Manual,2WD,2008,10.0,1599.0,50000
Renault Kwid Automatic 2017 model,silver,Petrol,0,0,0,Renault,1550000,Automatic,2WD,2017,15000.0,999.0,15000
i20 good condition for sell,silver,Petrol,0,1,0,Hyundai,1640000,Automatic,2WD,2010,14.0,1200.0,65000
Jeep Compass Limited + 2020,Other,Diesel,0,0,0,Jeep,8900000,Manual,4WD,2020,15.0,1956.0,35000
Renault kwid 1.0 rxt for sale,Other,Petrol,0,0,1,Renault,1499999,Manual,2WD,2017,15.0,1000.0,32000
bhansar ko que ko gadi urgent sale,red,Diesel,0,0,0,Mahindra,1450000,Manual,2WD,2012,14.0,900.0,81000
Mahendra Scorpio S5,silver,Diesel,0,0,0,2.2,4200000,Manual,4WD,2018,12.0,2179.0,58000
Proton Wira Good condition car 2005 model Malaysia,black,Petrol,0,0,0,Other Brands,625000,Manual,4WD,2005,15.0,1468.0,6278
"Ford India, Eco Sport",grey,Diesel,0,0,0,Ford,2200000,Manual,2WD,2013,15.0,1498.0,50000
Scorpio,white,Diesel,0,1,0,Mahindra,2200000,Manual,2WD,2012,15.0,2179.0,180000
New Nissan Magnite XE 2022,red,Petrol,0,0,0,BRAND NEW DEAL,2750000,Manual,2WD,2022,15.0,999.0,10000
Tata Ace Hatti Gadi,blue,Diesel,0,0,1,Tata,1099999,Automatic,2WD,2021,23.0,1200.0,8000
Toyata,Unknown,Hybrid,0,0,0,Toyota,2300000,Automatic,4WD,2020,15.0,1200.0,50000
maruti 2010 taxi,white,Petrol,0,0,0,Maruti Suzuki,1500000,Automatic,2WD,2010,15.0,800.0,50000
Toyota car,white,Diesel,0,1,0,Toyota,150000,Manual,2WD,1993,16.0,1900.0,100000
Tata manza car sale and exchange,white,Diesel,0,1,0,Toyota,850000,Manual,2WD,2012,16.0,1200.0,60000
Urgent sell maruti 800,Unknown,Petrol,0,0,0,Maruti Suzuki,240000,Manual,2WD,1999,15.0,1200.0,50000
Eon era plus 2016,marron,Petrol,0,0,0,Hyundai,1400000,Manual,2WD,2016,19.0,800.0,42000
Brezza 1.5 petrol zxi+ 2021,silver,Petrol,0,0,0,Maruti Suzuki,4075000,Manual,2WD,2021,16.0,1500.0,12000
Cargo Van On sale,grey,Diesel,0,0,1,Tata,650000,Automatic,2WD,2017,20.0,800.0,70000
Hyundai i10 asta grand 2018 push button start,silver,Petrol,0,0,0,Hyundai,2575000,Manual,2WD,2018,15.0,1200.0,32000
Hyundai i10 grand magna 2014 48000 km,grey,Petrol,0,0,0,Hyundai,1850000,Manual,2WD,2014,15.0,1200.0,48000
Single handed Cargo van on sale,white,Petrol,0,0,0,Maruti Suzuki,740000,Automatic,2WD,2018,15.0,800.0,17000
Hyundai Ix35 Crdi,Other,Diesel,0,0,0,Hyundai,3725000,Manual,4WD,2011,12.0,2000.0,36091
Naza Forza 2008 Model,Other,Petrol,0,1,0,Other Brands,600000,Manual,2WD,2008,12.0,1200.0,50000
2022 Mahindra Scorpio S5 4WD for sale or exchange,white,Petrol,0,0,0,Mahindra,5300000,Manual,4WD,2022,15.0,1200.0,7500
Hiace for sale 2015 model,white,Diesel,0,0,1,Toyota,3900000,Manual,2WD,2015,12.0,2800.0,50000
Mahendra bolero pickup truck,grey,Diesel,0,0,0,Mahindra,1450000,Manual,4WD,2017,15.0,2500.0,42000
"Eco cargo van 2021 model ,16800 km running ,12lac",white,Petrol,0,0,0,Maruti Suzuki,1200000,Automatic,2WD,2021,16.0,1200.0,16800
Bolero maxitruck,white,Diesel,0,0,0,Mahindra,1675000,Automatic,4WD,2019,15.0,2500.0,56000
2010 Model I10 Magna 1.2 New Shape On Sale,silver,Petrol,0,0,1,Hyundai,1465000,Manual,2WD,2010,20.0,1200.0,60000
Honda City 2004,blue,Petrol,0,0,0,Honda,799999,Manual,2WD,2004,15.0,1498.0,108000
Hyundai grand i10,silver,Petrol,0,0,1,Hyundai,2450000,Manual,2WD,2020,2025.0,1200.0,26500
Well maintained car. Everything is fine. Single ha,blue,Petrol,0,0,1,Hyundai,1925000,Manual,2WD,2015,15.0,1200.0,60000
VW Polo 2014 Highline 1200,Other,Petrol,0,0,0,Renault,1950000,Manual,2WD,2014,12.0,1200.0,60000
Hyundai i10 magna 2014,silver,Petrol,0,0,0,Hyundai,1750000,Manual,2WD,2014,15.0,1200.0,93000
nissan xtrail 2007 model for sale or exchange,cream,Diesel,0,1,0,Nissan,2450000,Automatic,4WD,2007,13.0,2200.0,60000
